provinsi,tahun,pulau,latitude,longitude,nilai_output_mikro,nilai_output_kecil,perusahaan_mikro,perusahaan_kecil,jumlah_perusahaan,tenaga_kerja_mikro,tenaga_kerja_kecil,jumlah_tenaga_kerja,cluster_raw,cluster,kategori_cluster,Kategori_Cluster,nilai_output,cluster_id
PAPUA SELATAN,2013,Maluku & Papua,-6.75,140.5,0.0,0.0,0.0,0.0,0.0,0.0,0.0,0.0,0,0,Cluster 0: Super Masif (Kecil Dominan),Cluster 0: Raksasa IMK (Kecil Dominan),0.0,0
JAMBI,2013,Sumatera,-1.612129,103.611496,1533830.0,1493814.0,22590.0,2510.0,25100.0,44760.0,16463.0,61223.0,0,0,Cluster 0: Super Masif (Kecil Dominan),Cluster 0: Raksasa IMK (Kecil Dominan),3027644.0,0
PAPUA BARAT DAYA,2013,Maluku & Papua,-1.8,132.0,0.0,0.0,0.0,0.0,0.0,0.0,0.0,0.0,0,0,Cluster 0: Super Masif (Kecil Dominan),Cluster 0: Raksasa IMK (Kecil Dominan),0.0,0
JAWA BARAT,2013,Jawa,-7.090911,107.668887,26528692.0,80030788.0,382899.0,106861.0,489760.0,768672.0,909687.0,1678359.0,2,3,Cluster 3: Sangat Tinggi (Mikro Dominan),Cluster 3: Raksasa IMK (Mikro Dominan),106559480.0,1
NUSA TENGGARA BARAT,2013,Bali & Nusa Tenggara,-8.652406,117.361649,2665469.0,3167617.0,93694.0,7484.0,101178.0,154847.0,63298.0,218145.0,3,1,Cluster 1: Rendah / Berkembang,Cluster 1: Produktivitas IMK Rendah,5833086.0,2
KALIMANTAN TIMUR,2013,Kalimantan,1.681488,116.419389,2128634.0,6283496.0,20689.0,3694.0,24383.0,0.0,0.0,0.0,0,0,Cluster 0: Super Masif (Kecil Dominan),Cluster 0: Raksasa IMK (Kecil Dominan),8412130.0,0
BANTEN,2013,Jawa,-6.405876,106.102921,2612996.0,3387423.0,71736.0,7424.0,79160.0,122128.0,62860.0,184988.0,3,1,Cluster 1: Rendah / Berkembang,Cluster 1: Produktivitas IMK Rendah,6000419.0,2
BENGKULU,2013,Sumatera,-3.79313,102.265808,848139.0,719150.0,10595.0,1111.0,11706.0,22970.0,7628.0,30598.0,0,0,Cluster 0: Super Masif (Kecil Dominan),Cluster 0: Raksasa IMK (Kecil Dominan),1567289.0,0
PAPUA BARAT,2013,Maluku & Papua,-1.336246,133.174595,289182.0,60047.0,2730.0,92.0,2822.0,5153.0,670.0,5823.0,0,0,Cluster 0: Super Masif (Kecil Dominan),Cluster 0: Raksasa IMK (Kecil Dominan),349229.0,0
PAPUA,2013,Maluku & Papua,-4.269928,138.080353,1221110.0,701400.0,9292.0,663.0,9955.0,19821.0,4554.0,24375.0,0,0,Cluster 0: Super Masif (Kecil Dominan),Cluster 0: Raksasa IMK (Kecil Dominan),1922510.0,0
NUSA TENGGARA TIMUR,2013,Bali & Nusa Tenggara,-8.657384,121.079107,1902409.0,746905.0,100761.0,3845.0,104606.0,166667.0,30849.0,197516.0,3,1,Cluster 1: Rendah / Berkembang,Cluster 1: Produktivitas IMK Rendah,2649314.0,2
SULAWESI TENGAH,2013,Sulawesi,-1.430318,121.445017,1960155.0,1085119.0,30247.0,2943.0,33190.0,56664.0,23110.0,79774.0,0,0,Cluster 0: Super Masif (Kecil Dominan),Cluster 0: Raksasa IMK (Kecil Dominan),3045274.0,0
BALI,2013,Bali & Nusa Tenggara,-8.340539,115.091949,4464881.0,9575917.0,84149.0,21333.0,105482.0,141588.0,170151.0,311739.0,3,1,Cluster 1: Rendah / Berkembang,Cluster 1: Produktivitas IMK Rendah,14040798.0,2
SUMATERA UTARA,2013,Sumatera,2.11583,99.538753,5116140.0,11425284.0,64034.0,18854.0,82888.0,125586.0,149705.0,275291.0,3,1,Cluster 1: Rendah / Berkembang,Cluster 1: Produktivitas IMK Rendah,16541424.0,2
GORONTALO,2013,Sulawesi,0.699526,122.446341,787181.0,407156.0,20934.0,1502.0,22436.0,37881.0,11314.0,49195.0,0,0,Cluster 0: Super Masif (Kecil Dominan),Cluster 0: Raksasa IMK (Kecil Dominan),1194337.0,0
RIAU,2013,Sumatera,0.293491,101.706513,1198703.0,1024316.0,15241.0,1808.0,17049.0,29854.0,11656.0,41510.0,0,0,Cluster 0: Super Masif (Kecil Dominan),Cluster 0: Raksasa IMK (Kecil Dominan),2223019.0,0
LAMPUNG,2013,Sumatera,-4.557573,105.406811,6116332.0,5134935.0,90051.0,11568.0,101619.0,189506.0,86867.0,276373.0,3,1,Cluster 1: Rendah / Berkembang,Cluster 1: Produktivitas IMK Rendah,11251267.0,2
KEP. RIAU,2013,Sumatera,3.945398,108.142571,796936.0,821543.0,13706.0,2515.0,16221.0,21681.0,18103.0,39784.0,0,0,Cluster 0: Super Masif (Kecil Dominan),Cluster 0: Raksasa IMK (Kecil Dominan),1618479.0,0
SULAWESI BARAT,2013,Sulawesi,-2.840676,119.23247,578298.0,1246107.0,26028.0,1092.0,27120.0,39572.0,8212.0,47784.0,0,0,Cluster 0: Super Masif (Kecil Dominan),Cluster 0: Raksasa IMK (Kecil Dominan),1824405.0,0
DI YOGYAKARTA,2013,Jawa,-7.873783,110.425706,3559546.0,8876436.0,67454.0,13306.0,80760.0,120966.0,115051.0,236017.0,3,1,Cluster 1: Rendah / Berkembang,Cluster 1: Produktivitas IMK Rendah,12435982.0,2
SUMATERA BARAT,2013,Sumatera,-0.739864,100.800018,4013396.0,5457956.0,57987.0,8007.0,65994.0,102837.0,67518.0,170355.0,3,1,Cluster 1: Rendah / Berkembang,Cluster 1: Produktivitas IMK Rendah,9471352.0,2
JAWA TENGAH,2013,Jawa,-7.150975,110.140259,30812542.0,82451650.0,650115.0,160148.0,810263.0,1196625.0,1287590.0,2484215.0,2,3,Cluster 3: Sangat Tinggi (Mikro Dominan),Cluster 3: Raksasa IMK (Mikro Dominan),113264192.0,3
PAPUA PEGUNUNGAN,2013,Maluku & Papua,-4.5,138.5,0.0,0.0,0.0,0.0,0.0,0.0,0.0,0.0,0,0,Cluster 0: Super Masif (Kecil Dominan),Cluster 0: Raksasa IMK (Kecil Dominan),0.0,0
SULAWESI UTARA,2013,Sulawesi,0.627019,123.975107,1753732.0,722541.0,37091.0,2594.0,39685.0,65868.0,19489.0,85357.0,0,0,Cluster 0: Super Masif (Kecil Dominan),Cluster 0: Raksasa IMK (Kecil Dominan),2476273.0,0
KALIMANTAN UTARA,2013,Kalimantan,3.073798,116.041703,0.0,0.0,0.0,0.0,0.0,40502.0,30736.0,71238.0,0,0,Cluster 0: Super Masif (Kecil Dominan),Cluster 0: Raksasa IMK (Kecil Dominan),0.0,0
SULAWESI SELATAN,2013,Sulawesi,-3.665354,119.97248,5142460.0,10038792.0,94537.0,7949.0,102486.0,174965.0,68019.0,242984.0,3,1,Cluster 1: Rendah / Berkembang,Cluster 1: Produktivitas IMK Rendah,15181252.0,2
MALUKU,2013,Maluku & Papua,-3.238929,130.145295,1210527.0,576780.0,35208.0,664.0,35872.0,56405.0,5082.0,61487.0,0,0,Cluster 0: Super Masif (Kecil Dominan),Cluster 0: Raksasa IMK (Kecil Dominan),1787307.0,0
KEP. BANGKA BELITUNG,2013,Sumatera,-2.741051,106.440903,913970.0,1042504.0,9723.0,1692.0,11415.0,19187.0,12820.0,32007.0,0,0,Cluster 0: Super Masif (Kecil Dominan),Cluster 0: Raksasa IMK (Kecil Dominan),1956474.0,0
SULAWESI TENGGARA,2013,Sulawesi,-4.14576,122.174605,2508869.0,2428438.0,57180.0,7864.0,65044.0,108901.0,56251.0,165152.0,3,1,Cluster 1: Rendah / Berkembang,Cluster 1: Produktivitas IMK Rendah,4937307.0,2
MALUKU UTARA,2013,Maluku & Papua,1.570696,127.808189,380503.0,41441.0,8328.0,105.0,8433.0,13670.0,730.0,14400.0,0,0,Cluster 0: Super Masif (Kecil Dominan),Cluster 0: Raksasa IMK (Kecil Dominan),421944.0,0
JAWA TIMUR,2013,Jawa,-7.536068,112.238425,33939863.0,58876793.0,539320.0,89786.0,629106.0,1072286.0,723019.0,1795305.0,2,3,Cluster 3: Sangat Tinggi (Mikro Dominan),Cluster 3: Raksasa IMK (Mikro Dominan),92816656.0,1
KALIMANTAN BARAT,2013,Kalimantan,-0.138716,109.332657,1996288.0,1693113.0,35892.0,1785.0,37677.0,69978.0,14981.0,84959.0,0,0,Cluster 0: Super Masif (Kecil Dominan),Cluster 0: Raksasa IMK (Kecil Dominan),3689401.0,0
ACEH,2013,Sumatera,4.695135,96.749397,3203779.0,2668623.0,74880.0,3688.0,78568.0,130174.0,26670.0,156844.0,3,1,Cluster 1: Rendah / Berkembang,Cluster 1: Produktivitas IMK Rendah,5872402.0,2
SUMATERA SELATAN,2013,Sumatera,-3.319009,103.914399,3426469.0,5040661.0,57495.0,13852.0,71347.0,106320.0,108223.0,214543.0,3,1,Cluster 1: Rendah / Berkembang,Cluster 1: Produktivitas IMK Rendah,8467130.0,2
KALIMANTAN SELATAN,2013,Kalimantan,-3.093082,115.283366,4112850.0,2269494.0,64235.0,4155.0,68390.0,99559.0,32859.0,132418.0,0,0,Cluster 0: Super Masif (Kecil Dominan),Cluster 0: Raksasa IMK (Kecil Dominan),6382344.0,2
KALIMANTAN TENGAH,2013,Kalimantan,-1.681488,113.382355,1260352.0,774244.0,17456.0,1285.0,18741.0,32924.0,7732.0,40656.0,0,0,Cluster 0: Super Masif (Kecil Dominan),Cluster 0: Raksasa IMK (Kecil Dominan),2034596.0,0
DKI JAKARTA,2013,Jawa,-6.211544,106.845172,3807442.0,16799146.0,20738.0,19172.0,39910.0,50340.0,173357.0,223697.0,3,1,Cluster 1: Rendah / Berkembang,Cluster 1: Produktivitas IMK Rendah,20606588.0,2
PAPUA TENGAH,2013,Maluku & Papua,-4.0,136.5,0.0,0.0,0.0,0.0,0.0,0.0,0.0,0.0,0,0,Cluster 0: Super Masif (Kecil Dominan),Cluster 0: Raksasa IMK (Kecil Dominan),0.0,0
SULAWESI SELATAN,2014,Sulawesi,-3.665354,119.97248,8614740.0,19653066.0,100526.0,5893.0,106419.0,185371.0,50698.0,236069.0,3,1,Cluster 1: Rendah / Berkembang,Cluster 1: Produktivitas IMK Rendah,28267806.0,0
KALIMANTAN BARAT,2014,Kalimantan,-0.138716,109.332657,2895402.0,1654074.0,36311.0,1101.0,37412.0,67571.0,8737.0,76308.0,0,0,Cluster 0: Super Masif (Kecil Dominan),Cluster 0: Raksasa IMK (Kecil Dominan),4549476.0,2
PAPUA,2014,Maluku & Papua,-4.269928,138.080353,3087310.0,789056.0,9413.0,689.0,10102.0,20353.0,4479.0,24832.0,0,0,Cluster 0: Super Masif (Kecil Dominan),Cluster 0: Raksasa IMK (Kecil Dominan),3876366.0,2
SULAWESI UTARA,2014,Sulawesi,0.627019,123.975107,2878626.0,31413.0,35527.0,60.0,35587.0,61792.0,420.0,62212.0,0,0,Cluster 0: Super Masif (Kecil Dominan),Cluster 0: Raksasa IMK (Kecil Dominan),2910039.0,2
KALIMANTAN TIMUR,2014,Kalimantan,1.681488,116.419389,2173774.0,1491868.0,15866.0,1855.0,17721.0,0.0,0.0,0.0,0,0,Cluster 0: Super Masif (Kecil Dominan),Cluster 0: Raksasa IMK (Kecil Dominan),3665642.0,2
KALIMANTAN TENGAH,2014,Kalimantan,-1.681488,113.382355,1870499.0,724217.0,18936.0,996.0,19932.0,35292.0,8243.0,43535.0,0,0,Cluster 0: Super Masif (Kecil Dominan),Cluster 0: Raksasa IMK (Kecil Dominan),2594716.0,2
KALIMANTAN SELATAN,2014,Kalimantan,-3.093082,115.283366,3985882.0,3280099.0,67674.0,3192.0,70866.0,109164.0,25664.0,134828.0,3,1,Cluster 1: Rendah / Berkembang,Cluster 1: Produktivitas IMK Rendah,7265981.0,2
JAWA TIMUR,2014,Jawa,-7.536068,112.238425,48063617.0,54097963.0,608774.0,39932.0,648706.0,1195368.0,347668.0,1543036.0,1,2,Cluster 2: Sedang / Potensial,Cluster 2: Produktivitas IMK Sedang,102161580.0,1
BENGKULU,2014,Sumatera,-3.79313,102.265808,1171388.0,317826.0,11310.0,738.0,12048.0,23727.0,5008.0,28735.0,0,0,Cluster 0: Super Masif (Kecil Dominan),Cluster 0: Raksasa IMK (Kecil Dominan),1489214.0,2
ACEH,2014,Sumatera,4.695135,96.749397,3309411.0,1241252.0,69316.0,1715.0,71031.0,111695.0,13283.0,124978.0,0,0,Cluster 0: Super Masif (Kecil Dominan),Cluster 0: Raksasa IMK (Kecil Dominan),4550663.0,2
SULAWESI BARAT,2014,Sulawesi,-2.840676,119.23247,1423955.0,1345627.0,27888.0,1210.0,29098.0,44330.0,9618.0,53948.0,0,0,Cluster 0: Super Masif (Kecil Dominan),Cluster 0: Raksasa IMK (Kecil Dominan),2769582.0,2
JAWA BARAT,2014,Jawa,-7.090911,107.668887,43484873.0,55018959.0,437985.0,60078.0,498063.0,859857.0,473281.0,1333138.0,1,2,Cluster 2: Sedang / Potensial,Cluster 2: Produktivitas IMK Sedang,98503832.0,1
JAMBI,2014,Sumatera,-1.612129,103.611496,2990666.0,1225109.0,25441.0,2006.0,27447.0,49399.0,13884.0,63283.0,0,0,Cluster 0: Super Masif (Kecil Dominan),Cluster 0: Raksasa IMK (Kecil Dominan),4215775.0,2
PAPUA SELATAN,2014,Maluku & Papua,-6.75,140.5,0.0,0.0,0.0,0.0,0.0,0.0,0.0,0.0,0,0,Cluster 0: Super Masif (Kecil Dominan),Cluster 0: Raksasa IMK (Kecil Dominan),0.0,2
PAPUA BARAT,2014,Maluku & Papua,-1.336246,133.174595,331524.0,84513.0,2353.0,126.0,2479.0,4372.0,891.0,5263.0,0,0,Cluster 0: Super Masif (Kecil Dominan),Cluster 0: Raksasa IMK (Kecil Dominan),416037.0,2
PAPUA PEGUNUNGAN,2014,Maluku & Papua,-4.5,138.5,0.0,0.0,0.0,0.0,0.0,0.0,0.0,0.0,0,0,Cluster 0: Super Masif (Kecil Dominan),Cluster 0: Raksasa IMK (Kecil Dominan),0.0,2
JAWA TENGAH,2014,Jawa,-7.150975,110.140259,43490614.0,32847621.0,766782.0,65690.0,832472.0,1437952.0,497046.0,1934998.0,1,2,Cluster 2: Sedang / Potensial,Cluster 2: Produktivitas IMK Sedang,76338235.0,3
PAPUA BARAT DAYA,2014,Maluku & Papua,-1.8,132.0,0.0,0.0,0.0,0.0,0.0,0.0,0.0,0.0,0,0,Cluster 0: Super Masif (Kecil Dominan),Cluster 0: Raksasa IMK (Kecil Dominan),0.0,2
NUSA TENGGARA TIMUR,2014,Bali & Nusa Tenggara,-8.657384,121.079107,5483912.0,1353696.0,109266.0,2776.0,112042.0,187248.0,20509.0,207757.0,3,1,Cluster 1: Rendah / Berkembang,Cluster 1: Produktivitas IMK Rendah,6837608.0,0
SULAWESI TENGAH,2014,Sulawesi,-1.430318,121.445017,4105572.0,983207.0,38511.0,1784.0,40295.0,70867.0,12976.0,83843.0,0,0,Cluster 0: Super Masif (Kecil Dominan),Cluster 0: Raksasa IMK (Kecil Dominan),5088779.0,2
RIAU,2014,Sumatera,0.293491,101.706513,1745573.0,1011500.0,14355.0,1360.0,15715.0,28775.0,9286.0,38061.0,0,0,Cluster 0: Super Masif (Kecil Dominan),Cluster 0: Raksasa IMK (Kecil Dominan),2757073.0,2
GORONTALO,2014,Sulawesi,0.699526,122.446341,1168442.0,480066.0,22610.0,1241.0,23851.0,38775.0,8557.0,47332.0,0,0,Cluster 0: Super Masif (Kecil Dominan),Cluster 0: Raksasa IMK (Kecil Dominan),1648508.0,2
DI YOGYAKARTA,2014,Jawa,-7.873783,110.425706,4663255.0,4939849.0,73266.0,7313.0,80579.0,126729.0,59903.0,186632.0,3,1,Cluster 1: Rendah / Berkembang,Cluster 1: Produktivitas IMK Rendah,9603104.0,0
SUMATERA SELATAN,2014,Sumatera,-3.319009,103.914399,7470419.0,2981233.0,58751.0,5741.0,64492.0,120280.0,44236.0,164516.0,3,1,Cluster 1: Rendah / Berkembang,Cluster 1: Produktivitas IMK Rendah,10451652.0,0
LAMPUNG,2014,Sumatera,-4.557573,105.406811,11542419.0,5964285.0,94739.0,8971.0,103710.0,202090.0,72574.0,274664.0,3,1,Cluster 1: Rendah / Berkembang,Cluster 1: Produktivitas IMK Rendah,17506704.0,0
BANTEN,2014,Jawa,-6.405876,106.102921,5526181.0,5938593.0,75760.0,5652.0,81412.0,131132.0,43656.0,174788.0,3,1,Cluster 1: Rendah / Berkembang,Cluster 1: Produktivitas IMK Rendah,11464774.0,0
KEP. BANGKA BELITUNG,2014,Sumatera,-2.741051,106.440903,898689.0,364476.0,7752.0,515.0,8267.0,15202.0,3727.0,18929.0,0,0,Cluster 0: Super Masif (Kecil Dominan),Cluster 0: Raksasa IMK (Kecil Dominan),1263165.0,2
NUSA TENGGARA BARAT,2014,Bali & Nusa Tenggara,-8.652406,117.361649,6647120.0,25501320.0,93645.0,13586.0,107231.0,166862.0,153099.0,319961.0,3,1,Cluster 1: Rendah / Berkembang,Cluster 1: Produktivitas IMK Rendah,32148440.0,0
MALUKU UTARA,2014,Maluku & Papua,1.570696,127.808189,469526.0,67696.0,7851.0,107.0,7958.0,11440.0,639.0,12079.0,0,0,Cluster 0: Super Masif (Kecil Dominan),Cluster 0: Raksasa IMK (Kecil Dominan),537222.0,2
MALUKU,2014,Maluku & Papua,-3.238929,130.145295,1662787.0,90023.0,36422.0,218.0,36640.0,55113.0,1266.0,56379.0,0,0,Cluster 0: Super Masif (Kecil Dominan),Cluster 0: Raksasa IMK (Kecil Dominan),1752810.0,2
SULAWESI TENGGARA,2014,Sulawesi,-4.14576,122.174605,4813657.0,724687.0,68711.0,2845.0,71556.0,133545.0,18935.0,152480.0,3,1,Cluster 1: Rendah / Berkembang,Cluster 1: Produktivitas IMK Rendah,5538344.0,2
KALIMANTAN UTARA,2014,Kalimantan,3.073798,116.041703,0.0,0.0,0.0,0.0,0.0,31717.0,14957.0,46674.0,0,0,Cluster 0: Super Masif (Kecil Dominan),Cluster 0: Raksasa IMK (Kecil Dominan),0.0,2
PAPUA TENGAH,2014,Maluku & Papua,-4.0,136.5,0.0,0.0,0.0,0.0,0.0,0.0,0.0,0.0,0,0,Cluster 0: Super Masif (Kecil Dominan),Cluster 0: Raksasa IMK (Kecil Dominan),0.0,2
DKI JAKARTA,2014,Jawa,-6.211544,106.845172,3263243.0,17522309.0,15110.0,22748.0,37858.0,38336.0,205467.0,243803.0,3,1,Cluster 1: Rendah / Berkembang,Cluster 1: Produktivitas IMK Rendah,20785552.0,0
SUMATERA BARAT,2014,Sumatera,-0.739864,100.800018,6513832.0,4663614.0,71413.0,5107.0,76520.0,119158.0,39966.0,159124.0,3,1,Cluster 1: Rendah / Berkembang,Cluster 1: Produktivitas IMK Rendah,11177446.0,0
BALI,2014,Bali & Nusa Tenggara,-8.340539,115.091949,8442821.0,6724668.0,107434.0,8659.0,116093.0,182300.0,78022.0,260322.0,3,1,Cluster 1: Rendah / Berkembang,Cluster 1: Produktivitas IMK Rendah,15167489.0,0
KEP. RIAU,2014,Sumatera,3.945398,108.142571,974984.0,1152716.0,14638.0,761.0,15399.0,21512.0,5372.0,26884.0,0,0,Cluster 0: Super Masif (Kecil Dominan),Cluster 0: Raksasa IMK (Kecil Dominan),2127700.0,2
SUMATERA UTARA,2014,Sumatera,2.11583,99.538753,7284515.0,6594124.0,76227.0,9836.0,86063.0,152531.0,70824.0,223355.0,3,1,Cluster 1: Rendah / Berkembang,Cluster 1: Produktivitas IMK Rendah,13878639.0,0
LAMPUNG,2015,Sumatera,-4.557573,105.406811,7069270.0,3986686.0,76728.0,3777.0,80505.0,157646.0,30826.0,188472.0,3,1,Cluster 1: Rendah / Berkembang,Cluster 1: Produktivitas IMK Rendah,11055956.0,0
SUMATERA UTARA,2015,Sumatera,2.11583,99.538753,7369342.0,3832142.0,94979.0,4043.0,99022.0,168272.0,27103.0,195375.0,3,1,Cluster 1: Rendah / Berkembang,Cluster 1: Produktivitas IMK Rendah,11201484.0,0
SULAWESI TENGGARA,2015,Sulawesi,-4.14576,122.174605,3634358.0,476754.0,46084.0,1186.0,47270.0,81671.0,8424.0,90095.0,0,0,Cluster 0: Super Masif (Kecil Dominan),Cluster 0: Raksasa IMK (Kecil Dominan),4111112.0,3
NUSA TENGGARA BARAT,2015,Bali & Nusa Tenggara,-8.652406,117.361649,10059028.0,7769461.0,79764.0,14527.0,94291.0,156660.0,166662.0,323322.0,3,1,Cluster 1: Rendah / Berkembang,Cluster 1: Produktivitas IMK Rendah,17828489.0,0
PAPUA TENGAH,2015,Maluku & Papua,-4.0,136.5,0.0,0.0,0.0,0.0,0.0,0.0,0.0,0.0,0,0,Cluster 0: Super Masif (Kecil Dominan),Cluster 0: Raksasa IMK (Kecil Dominan),0.0,3
DKI JAKARTA,2015,Jawa,-6.211544,106.845172,6717207.0,5961450.0,28378.0,6616.0,34994.0,64180.0,52710.0,116890.0,3,1,Cluster 1: Rendah / Berkembang,Cluster 1: Produktivitas IMK Rendah,12678657.0,0
DI YOGYAKARTA,2015,Jawa,-7.873783,110.425706,4171880.0,2561462.0,52907.0,4758.0,57665.0,93632.0,38445.0,132077.0,0,0,Cluster 0: Super Masif (Kecil Dominan),Cluster 0: Raksasa IMK (Kecil Dominan),6733342.0,0
BANTEN,2015,Jawa,-6.405876,106.102921,11736500.0,13467772.0,108235.0,9313.0,117548.0,191324.0,80726.0,272050.0,3,1,Cluster 1: Rendah / Berkembang,Cluster 1: Produktivitas IMK Rendah,25204272.0,0
PAPUA SELATAN,2015,Maluku & Papua,-6.75,140.5,0.0,0.0,0.0,0.0,0.0,0.0,0.0,0.0,0,0,Cluster 0: Super Masif (Kecil Dominan),Cluster 0: Raksasa IMK (Kecil Dominan),0.0,3
PAPUA PEGUNUNGAN,2015,Maluku & Papua,-4.5,138.5,0.0,0.0,0.0,0.0,0.0,0.0,0.0,0.0,0,0,Cluster 0: Super Masif (Kecil Dominan),Cluster 0: Raksasa IMK (Kecil Dominan),0.0,3
GORONTALO,2015,Sulawesi,0.699526,122.446341,872305.0,193684.0,12458.0,758.0,13216.0,22726.0,5332.0,28058.0,0,0,Cluster 0: Super Masif (Kecil Dominan),Cluster 0: Raksasa IMK (Kecil Dominan),1065989.0,3
RIAU,2015,Sumatera,0.293491,101.706513,1797835.0,384633.0,16791.0,644.0,17435.0,33645.0,4839.0,38484.0,0,0,Cluster 0: Super Masif (Kecil Dominan),Cluster 0: Raksasa IMK (Kecil Dominan),2182468.0,3
JAWA BARAT,2015,Jawa,-7.090911,107.668887,53614309.0,76921027.0,421881.0,58359.0,480240.0,833706.0,463913.0,1297619.0,1,2,Cluster 2: Sedang / Potensial,Cluster 2: Produktivitas IMK Sedang,130535336.0,2
ACEH,2015,Sumatera,4.695135,96.749397,3684835.0,751272.0,64009.0,1483.0,65492.0,112728.0,9777.0,122505.0,0,0,Cluster 0: Super Masif (Kecil Dominan),Cluster 0: Raksasa IMK (Kecil Dominan),4436107.0,0
KALIMANTAN SELATAN,2015,Kalimantan,-3.093082,115.283366,4175805.0,1388517.0,55564.0,1913.0,57477.0,95252.0,15482.0,110734.0,0,0,Cluster 0: Super Masif (Kecil Dominan),Cluster 0: Raksasa IMK (Kecil Dominan),5564322.0,0
PAPUA,2015,Maluku & Papua,-4.269928,138.080353,1199063.0,233657.0,6973.0,484.0,7457.0,16442.0,2716.0,19158.0,0,0,Cluster 0: Super Masif (Kecil Dominan),Cluster 0: Raksasa IMK (Kecil Dominan),1432720.0,3
PAPUA BARAT DAYA,2015,Maluku & Papua,-1.8,132.0,0.0,0.0,0.0,0.0,0.0,0.0,0.0,0.0,0,0,Cluster 0: Super Masif (Kecil Dominan),Cluster 0: Raksasa IMK (Kecil Dominan),0.0,3
KALIMANTAN TENGAH,2015,Kalimantan,-1.681488,113.382355,1412325.0,640699.0,11884.0,715.0,12599.0,21392.0,4393.0,25785.0,0,0,Cluster 0: Super Masif (Kecil Dominan),Cluster 0: Raksasa IMK (Kecil Dominan),2053024.0,3
PAPUA BARAT,2015,Maluku & Papua,-1.336246,133.174595,192349.0,64970.0,1442.0,81.0,1523.0,2623.0,592.0,3215.0,0,0,Cluster 0: Super Masif (Kecil Dominan),Cluster 0: Raksasa IMK (Kecil Dominan),257319.0,3
JAWA TIMUR,2015,Jawa,-7.536068,112.238425,72242853.0,44347527.0,771185.0,49659.0,820844.0,1518302.0,398088.0,1916390.0,1,2,Cluster 2: Sedang / Potensial,Cluster 2: Produktivitas IMK Sedang,116590380.0,1
BALI,2015,Bali & Nusa Tenggara,-8.340539,115.091949,9035845.0,5697080.0,95282.0,8078.0,103360.0,162548.0,60235.0,222783.0,3,1,Cluster 1: Rendah / Berkembang,Cluster 1: Produktivitas IMK Rendah,14732925.0,0
SUMATERA BARAT,2015,Sumatera,-0.739864,100.800018,5906327.0,4191520.0,63409.0,4288.0,67697.0,114601.0,31016.0,145617.0,3,1,Cluster 1: Rendah / Berkembang,Cluster 1: Produktivitas IMK Rendah,10097847.0,0
SULAWESI UTARA,2015,Sulawesi,0.627019,123.975107,4628966.0,25152.0,39431.0,39.0,39470.0,71833.0,351.0,72184.0,0,0,Cluster 0: Super Masif (Kecil Dominan),Cluster 0: Raksasa IMK (Kecil Dominan),4654118.0,3
JAMBI,2015,Sumatera,-1.612129,103.611496,2563288.0,1190131.0,22415.0,1754.0,24169.0,41790.0,12030.0,53820.0,0,0,Cluster 0: Super Masif (Kecil Dominan),Cluster 0: Raksasa IMK (Kecil Dominan),3753419.0,3
KEP. RIAU,2015,Sumatera,3.945398,108.142571,410944.0,263381.0,7231.0,237.0,7468.0,10146.0,1931.0,12077.0,0,0,Cluster 0: Super Masif (Kecil Dominan),Cluster 0: Raksasa IMK (Kecil Dominan),674325.0,3
MALUKU UTARA,2015,Maluku & Papua,1.570696,127.808189,353562.0,83009.0,6939.0,112.0,7051.0,10551.0,1108.0,11659.0,0,0,Cluster 0: Super Masif (Kecil Dominan),Cluster 0: Raksasa IMK (Kecil Dominan),436571.0,3
MALUKU,2015,Maluku & Papua,-3.238929,130.145295,1095011.0,104988.0,19312.0,263.0,19575.0,32413.0,1963.0,34376.0,0,0,Cluster 0: Super Masif (Kecil Dominan),Cluster 0: Raksasa IMK (Kecil Dominan),1199999.0,3
KEP. BANGKA BELITUNG,2015,Sumatera,-2.741051,106.440903,549367.0,221716.0,5914.0,237.0,6151.0,10470.0,1839.0,12309.0,0,0,Cluster 0: Super Masif (Kecil Dominan),Cluster 0: Raksasa IMK (Kecil Dominan),771083.0,3
KALIMANTAN TIMUR,2015,Kalimantan,1.681488,116.419389,1337811.0,951152.0,11084.0,944.0,12028.0,19213.0,6228.0,25441.0,0,0,Cluster 0: Super Masif (Kecil Dominan),Cluster 0: Raksasa IMK (Kecil Dominan),2288963.0,3
NUSA TENGGARA TIMUR,2015,Bali & Nusa Tenggara,-8.657384,121.079107,2000404.0,1008599.0,71768.0,1401.0,73169.0,124561.0,12204.0,136765.0,0,0,Cluster 0: Super Masif (Kecil Dominan),Cluster 0: Raksasa IMK (Kecil Dominan),3009003.0,0
SULAWESI TENGAH,2015,Sulawesi,-1.430318,121.445017,1983478.0,720968.0,20745.0,1651.0,22396.0,40946.0,13149.0,54095.0,0,0,Cluster 0: Super Masif (Kecil Dominan),Cluster 0: Raksasa IMK (Kecil Dominan),2704446.0,3
KALIMANTAN UTARA,2015,Kalimantan,3.073798,116.041703,149580.0,117315.0,1180.0,120.0,1300.0,2220.0,895.0,3115.0,0,0,Cluster 0: Super Masif (Kecil Dominan),Cluster 0: Raksasa IMK (Kecil Dominan),266895.0,3
JAWA TENGAH,2015,Jawa,-7.150975,110.140259,70886432.0,69119863.0,934814.0,95560.0,1030374.0,1830429.0,740980.0,2571409.0,2,3,Cluster 3: Sangat Tinggi (Mikro Dominan),Cluster 3: Raksasa IMK (Mikro Dominan),140006295.0,1
BENGKULU,2015,Sumatera,-3.79313,102.265808,1392880.0,476399.0,11663.0,618.0,12281.0,22138.0,4593.0,26731.0,0,0,Cluster 0: Super Masif (Kecil Dominan),Cluster 0: Raksasa IMK (Kecil Dominan),1869279.0,3
SULAWESI BARAT,2015,Sulawesi,-2.840676,119.23247,741020.0,211925.0,11123.0,751.0,11874.0,20319.0,5310.0,25629.0,0,0,Cluster 0: Super Masif (Kecil Dominan),Cluster 0: Raksasa IMK (Kecil Dominan),952945.0,3
SUMATERA SELATAN,2015,Sumatera,-3.319009,103.914399,2933807.0,1526441.0,47516.0,1830.0,49346.0,79542.0,14617.0,94159.0,0,0,Cluster 0: Super Masif (Kecil Dominan),Cluster 0: Raksasa IMK (Kecil Dominan),4460248.0,3
KALIMANTAN BARAT,2015,Kalimantan,-0.138716,109.332657,4568836.0,1015458.0,53867.0,1246.0,55113.0,99439.0,7953.0,107392.0,0,0,Cluster 0: Super Masif (Kecil Dominan),Cluster 0: Raksasa IMK (Kecil Dominan),5584294.0,0
SULAWESI SELATAN,2015,Sulawesi,-3.665354,119.97248,10631028.0,9342241.0,112896.0,5577.0,118473.0,201034.0,44957.0,245991.0,3,1,Cluster 1: Rendah / Berkembang,Cluster 1: Produktivitas IMK Rendah,19973269.0,0
JAMBI,2017,Sumatera,-1.612129,103.611496,2651795.0,601134.0,26733.0,1059.0,27792.0,47369.0,7218.0,54587.0,0,0,Cluster 0: Super Masif (Kecil Dominan),Cluster 0: Raksasa IMK (Kecil Dominan),3252929.0,0
RIAU,2017,Sumatera,0.293491,101.706513,7757998.0,3777364.0,62371.0,3362.0,65733.0,126270.0,26086.0,152356.0,3,1,Cluster 1: Rendah / Berkembang,Cluster 1: Produktivitas IMK Rendah,11535362.0,2
SUMATERA SELATAN,2017,Sumatera,-3.319009,103.914399,6306028.0,2165308.0,65984.0,3884.0,69868.0,126811.0,27790.0,154601.0,3,1,Cluster 1: Rendah / Berkembang,Cluster 1: Produktivitas IMK Rendah,8471336.0,0
JAWA TENGAH,2017,Jawa,-7.150975,110.140259,56056270.0,38843367.0,836641.0,55990.0,892631.0,1493672.0,444718.0,1938390.0,1,2,Cluster 2: Sedang / Potensial,Cluster 2: Produktivitas IMK Sedang,94899637.0,1
ACEH,2017,Sumatera,4.695135,96.749397,5977476.0,1477440.0,96294.0,2983.0,99277.0,161626.0,19677.0,181303.0,3,1,Cluster 1: Rendah / Berkembang,Cluster 1: Produktivitas IMK Rendah,7454916.0,2
BENGKULU,2017,Sumatera,-3.79313,102.265808,2483743.0,208421.0,26318.0,462.0,26780.0,50189.0,3106.0,53295.0,0,0,Cluster 0: Super Masif (Kecil Dominan),Cluster 0: Raksasa IMK (Kecil Dominan),2692164.0,0
GORONTALO,2017,Sulawesi,0.699526,122.446341,2044787.0,848264.0,35435.0,1515.0,36950.0,61246.0,14112.0,75358.0,0,0,Cluster 0: Super Masif (Kecil Dominan),Cluster 0: Raksasa IMK (Kecil Dominan),2893051.0,0
JAWA BARAT,2017,Jawa,-7.090911,107.668887,69125625.0,53209565.0,523766.0,50409.0,574175.0,1035422.0,419930.0,1455352.0,1,2,Cluster 2: Sedang / Potensial,Cluster 2: Produktivitas IMK Sedang,122335190.0,3
SULAWESI BARAT,2017,Sulawesi,-2.840676,119.23247,955350.0,174287.0,21602.0,844.0,22446.0,38443.0,5152.0,43595.0,0,0,Cluster 0: Super Masif (Kecil Dominan),Cluster 0: Raksasa IMK (Kecil Dominan),1129637.0,0
DKI JAKARTA,2017,Jawa,-6.211544,106.845172,15576173.0,30757020.0,56201.0,19827.0,76028.0,126833.0,178380.0,305213.0,3,1,Cluster 1: Rendah / Berkembang,Cluster 1: Produktivitas IMK Rendah,46333193.0,2
DI YOGYAKARTA,2017,Jawa,-7.873783,110.425706,7887279.0,4174992.0,91328.0,5991.0,97319.0,148608.0,46555.0,195163.0,3,1,Cluster 1: Rendah / Berkembang,Cluster 1: Produktivitas IMK Rendah,12062271.0,2
PAPUA TENGAH,2017,Maluku & Papua,-4.0,136.5,0.0,0.0,0.0,0.0,0.0,0.0,0.0,0.0,0,0,Cluster 0: Super Masif (Kecil Dominan),Cluster 0: Raksasa IMK (Kecil Dominan),0.0,0
PAPUA BARAT DAYA,2017,Maluku & Papua,-1.8,132.0,0.0,0.0,0.0,0.0,0.0,0.0,0.0,0.0,0,0,Cluster 0: Super Masif (Kecil Dominan),Cluster 0: Raksasa IMK (Kecil Dominan),0.0,0
SULAWESI UTARA,2017,Sulawesi,0.627019,123.975107,5022409.0,1072135.0,65364.0,1866.0,67230.0,119532.0,11971.0,131503.0,0,0,Cluster 0: Super Masif (Kecil Dominan),Cluster 0: Raksasa IMK (Kecil Dominan),6094544.0,0
KALIMANTAN TENGAH,2017,Kalimantan,-1.681488,113.382355,3639899.0,1136801.0,33148.0,1439.0,34587.0,58336.0,9885.0,68221.0,0,0,Cluster 0: Super Masif (Kecil Dominan),Cluster 0: Raksasa IMK (Kecil Dominan),4776700.0,0
KALIMANTAN BARAT,2017,Kalimantan,-0.138716,109.332657,5294113.0,1226340.0,53348.0,1696.0,55044.0,99498.0,12350.0,111848.0,0,0,Cluster 0: Super Masif (Kecil Dominan),Cluster 0: Raksasa IMK (Kecil Dominan),6520453.0,0
NUSA TENGGARA TIMUR,2017,Bali & Nusa Tenggara,-8.657384,121.079107,5543670.0,789115.0,158491.0,2766.0,161257.0,269461.0,17659.0,287120.0,3,1,Cluster 1: Rendah / Berkembang,Cluster 1: Produktivitas IMK Rendah,6332785.0,2
SULAWESI SELATAN,2017,Sulawesi,-3.665354,119.97248,10863793.0,6239336.0,119601.0,3778.0,123379.0,232333.0,31653.0,263986.0,3,1,Cluster 1: Rendah / Berkembang,Cluster 1: Produktivitas IMK Rendah,17103129.0,2
PAPUA BARAT,2017,Maluku & Papua,-1.336246,133.174595,967384.0,398870.0,10693.0,384.0,11077.0,17810.0,2715.0,20525.0,0,0,Cluster 0: Super Masif (Kecil Dominan),Cluster 0: Raksasa IMK (Kecil Dominan),1366254.0,0
JAWA TIMUR,2017,Jawa,-7.536068,112.238425,73117282.0,42738113.0,723735.0,128566.0,852301.0,1448206.0,1267957.0,2716163.0,2,3,Cluster 3: Sangat Tinggi (Mikro Dominan),Cluster 3: Raksasa IMK (Mikro Dominan),115855395.0,1
LAMPUNG,2017,Sumatera,-4.557573,105.406811,9287476.0,3036735.0,93499.0,5772.0,99271.0,190146.0,41843.0,231989.0,3,1,Cluster 1: Rendah / Berkembang,Cluster 1: Produktivitas IMK Rendah,12324211.0,2
SUMATERA UTARA,2017,Sumatera,2.11583,99.538753,12111464.0,5015926.0,145716.0,6750.0,152466.0,273642.0,51322.0,324964.0,3,1,Cluster 1: Rendah / Berkembang,Cluster 1: Produktivitas IMK Rendah,17127390.0,2
KALIMANTAN UTARA,2017,Kalimantan,3.073798,116.041703,589223.0,214112.0,7103.0,235.0,7338.0,11186.0,1483.0,12669.0,0,0,Cluster 0: Super Masif (Kecil Dominan),Cluster 0: Raksasa IMK (Kecil Dominan),803335.0,0
MALUKU,2017,Maluku & Papua,-3.238929,130.145295,2366358.0,816094.0,41194.0,673.0,41867.0,63297.0,4501.0,67798.0,0,0,Cluster 0: Super Masif (Kecil Dominan),Cluster 0: Raksasa IMK (Kecil Dominan),3182452.0,0
SULAWESI TENGAH,2017,Sulawesi,-1.430318,121.445017,3835104.0,2033843.0,79500.0,7690.0,87190.0,182968.0,53159.0,236127.0,3,1,Cluster 1: Rendah / Berkembang,Cluster 1: Produktivitas IMK Rendah,5868947.0,2
NUSA TENGGARA BARAT,2017,Bali & Nusa Tenggara,-8.652406,117.361649,6782491.0,6175270.0,99961.0,16909.0,116870.0,189613.0,161158.0,350771.0,3,1,Cluster 1: Rendah / Berkembang,Cluster 1: Produktivitas IMK Rendah,12957761.0,2
SULAWESI TENGGARA,2017,Sulawesi,-4.14576,122.174605,5163102.0,338948.0,67036.0,847.0,67883.0,131668.0,5635.0,137303.0,0,0,Cluster 0: Super Masif (Kecil Dominan),Cluster 0: Raksasa IMK (Kecil Dominan),5502050.0,0
BANTEN,2017,Jawa,-6.405876,106.102921,15417023.0,7106680.0,96201.0,9509.0,105710.0,187805.0,80390.0,268195.0,3,1,Cluster 1: Rendah / Berkembang,Cluster 1: Produktivitas IMK Rendah,22523703.0,2
MALUKU UTARA,2017,Maluku & Papua,1.570696,127.808189,1655781.0,350642.0,27761.0,4147.0,31908.0,50342.0,31668.0,82010.0,0,0,Cluster 0: Super Masif (Kecil Dominan),Cluster 0: Raksasa IMK (Kecil Dominan),2006423.0,0
KEP. BANGKA BELITUNG,2017,Sumatera,-2.741051,106.440903,2673861.0,433769.0,25859.0,489.0,26348.0,44367.0,4040.0,48407.0,0,0,Cluster 0: Super Masif (Kecil Dominan),Cluster 0: Raksasa IMK (Kecil Dominan),3107630.0,0
PAPUA SELATAN,2017,Maluku & Papua,-6.75,140.5,0.0,0.0,0.0,0.0,0.0,0.0,0.0,0.0,0,0,Cluster 0: Super Masif (Kecil Dominan),Cluster 0: Raksasa IMK (Kecil Dominan),0.0,0
PAPUA PEGUNUNGAN,2017,Maluku & Papua,-4.5,138.5,0.0,0.0,0.0,0.0,0.0,0.0,0.0,0.0,0,0,Cluster 0: Super Masif (Kecil Dominan),Cluster 0: Raksasa IMK (Kecil Dominan),0.0,0
PAPUA,2017,Maluku & Papua,-4.269928,138.080353,1689611.0,629354.0,11972.0,509.0,12481.0,21738.0,3583.0,25321.0,0,0,Cluster 0: Super Masif (Kecil Dominan),Cluster 0: Raksasa IMK (Kecil Dominan),2318965.0,0
KALIMANTAN SELATAN,2017,Kalimantan,-3.093082,115.283366,4523169.0,1613434.0,86223.0,2049.0,88272.0,129443.0,14938.0,144381.0,3,1,Cluster 1: Rendah / Berkembang,Cluster 1: Produktivitas IMK Rendah,6136603.0,0
KALIMANTAN TIMUR,2017,Kalimantan,1.681488,116.419389,3320048.0,968310.0,31646.0,1452.0,33098.0,55407.0,9351.0,64758.0,0,0,Cluster 0: Super Masif (Kecil Dominan),Cluster 0: Raksasa IMK (Kecil Dominan),4288358.0,0
KEP. RIAU,2017,Sumatera,3.945398,108.142571,3333472.0,1196843.0,32949.0,1445.0,34394.0,52211.0,8719.0,60930.0,0,0,Cluster 0: Super Masif (Kecil Dominan),Cluster 0: Raksasa IMK (Kecil Dominan),4530315.0,0
SUMATERA BARAT,2017,Sumatera,-0.739864,100.800018,8981865.0,2822118.0,112127.0,4412.0,116539.0,186316.0,31267.0,217583.0,3,1,Cluster 1: Rendah / Berkembang,Cluster 1: Produktivitas IMK Rendah,11803983.0,2
BALI,2017,Bali & Nusa Tenggara,-8.340539,115.091949,11115184.0,5756181.0,140097.0,9082.0,149179.0,228277.0,68534.0,296811.0,3,1,Cluster 1: Rendah / Berkembang,Cluster 1: Produktivitas IMK Rendah,16871365.0,2
PAPUA TENGAH,2018,Maluku & Papua,-4.0,136.5,0.0,0.0,0.0,0.0,0.0,0.0,0.0,0.0,0,0,Cluster 0: Super Masif (Kecil Dominan),Cluster 0: Raksasa IMK (Kecil Dominan),0.0,0
PAPUA PEGUNUNGAN,2018,Maluku & Papua,-4.5,138.5,0.0,0.0,0.0,0.0,0.0,0.0,0.0,0.0,0,0,Cluster 0: Super Masif (Kecil Dominan),Cluster 0: Raksasa IMK (Kecil Dominan),0.0,0
SULAWESI BARAT,2018,Sulawesi,-2.840676,119.23247,1231143.0,151479.0,26197.0,495.0,26692.0,48139.0,3072.0,51211.0,0,0,Cluster 0: Super Masif (Kecil Dominan),Cluster 0: Raksasa IMK (Kecil Dominan),1382622.0,0
ACEH,2018,Sumatera,4.695135,96.749397,6795754.0,2012485.0,110701.0,3341.0,114042.0,179898.0,24414.0,204312.0,3,1,Cluster 1: Rendah / Berkembang,Cluster 1: Produktivitas IMK Rendah,8808239.0,2
BENGKULU,2018,Sumatera,-3.79313,102.265808,2640432.0,318587.0,27931.0,340.0,28271.0,49431.0,2446.0,51877.0,0,0,Cluster 0: Super Masif (Kecil Dominan),Cluster 0: Raksasa IMK (Kecil Dominan),2959019.0,0
SUMATERA SELATAN,2018,Sumatera,-3.319009,103.914399,8725800.0,3877991.0,68082.0,5482.0,73564.0,133139.0,36873.0,170012.0,3,1,Cluster 1: Rendah / Berkembang,Cluster 1: Produktivitas IMK Rendah,12603791.0,2
DKI JAKARTA,2018,Jawa,-6.211544,106.845172,5921752.0,10400985.0,28059.0,9791.0,37850.0,61674.0,87570.0,149244.0,3,1,Cluster 1: Rendah / Berkembang,Cluster 1: Produktivitas IMK Rendah,16322737.0,2
DI YOGYAKARTA,2018,Jawa,-7.873783,110.425706,5566152.0,4185443.0,107489.0,5941.0,113430.0,168421.0,48382.0,216803.0,3,1,Cluster 1: Rendah / Berkembang,Cluster 1: Produktivitas IMK Rendah,9751595.0,2
JAWA TIMUR,2018,Jawa,-7.536068,112.238425,64317547.0,23910199.0,694062.0,85328.0,779390.0,1333853.0,780600.0,2114453.0,2,3,Cluster 3: Sangat Tinggi (Mikro Dominan),Cluster 3: Raksasa IMK (Mikro Dominan),88227746.0,1
SULAWESI SELATAN,2018,Sulawesi,-3.665354,119.97248,10132397.0,2835320.0,107643.0,1536.0,109179.0,195453.0,12356.0,207809.0,3,1,Cluster 1: Rendah / Berkembang,Cluster 1: Produktivitas IMK Rendah,12967717.0,2
KALIMANTAN BARAT,2018,Kalimantan,-0.138716,109.332657,3975120.0,861932.0,49533.0,3302.0,52835.0,91612.0,20915.0,112527.0,0,0,Cluster 0: Super Masif (Kecil Dominan),Cluster 0: Raksasa IMK (Kecil Dominan),4837052.0,0
KALIMANTAN SELATAN,2018,Kalimantan,-3.093082,115.283366,3720472.0,1493353.0,68383.0,1979.0,70362.0,106071.0,15122.0,121193.0,0,0,Cluster 0: Super Masif (Kecil Dominan),Cluster 0: Raksasa IMK (Kecil Dominan),5213825.0,0
NUSA TENGGARA TIMUR,2018,Bali & Nusa Tenggara,-8.657384,121.079107,4874400.0,515372.0,160706.0,1528.0,162234.0,270440.0,11029.0,281469.0,3,1,Cluster 1: Rendah / Berkembang,Cluster 1: Produktivitas IMK Rendah,5389772.0,2
KALIMANTAN TENGAH,2018,Kalimantan,-1.681488,113.382355,3062950.0,408588.0,30830.0,810.0,31640.0,53747.0,4780.0,58527.0,0,0,Cluster 0: Super Masif (Kecil Dominan),Cluster 0: Raksasa IMK (Kecil Dominan),3471538.0,0
KALIMANTAN TIMUR,2018,Kalimantan,1.681488,116.419389,5599753.0,793465.0,32659.0,1066.0,33725.0,56530.0,7160.0,63690.0,0,0,Cluster 0: Super Masif (Kecil Dominan),Cluster 0: Raksasa IMK (Kecil Dominan),6393218.0,0
MALUKU UTARA,2018,Maluku & Papua,1.570696,127.808189,3897434.0,329228.0,28859.0,452.0,29311.0,47917.0,2847.0,50764.0,0,0,Cluster 0: Super Masif (Kecil Dominan),Cluster 0: Raksasa IMK (Kecil Dominan),4226662.0,0
PAPUA SELATAN,2018,Maluku & Papua,-6.75,140.5,0.0,0.0,0.0,0.0,0.0,0.0,0.0,0.0,0,0,Cluster 0: Super Masif (Kecil Dominan),Cluster 0: Raksasa IMK (Kecil Dominan),0.0,0
JAMBI,2018,Sumatera,-1.612129,103.611496,3490856.0,1064130.0,33495.0,1069.0,34564.0,61221.0,8450.0,69671.0,0,0,Cluster 0: Super Masif (Kecil Dominan),Cluster 0: Raksasa IMK (Kecil Dominan),4554986.0,0
PAPUA,2018,Maluku & Papua,-4.269928,138.080353,1537853.0,220870.0,15571.0,271.0,15842.0,25970.0,1806.0,27776.0,0,0,Cluster 0: Super Masif (Kecil Dominan),Cluster 0: Raksasa IMK (Kecil Dominan),1758723.0,0
PAPUA BARAT DAYA,2018,Maluku & Papua,-1.8,132.0,0.0,0.0,0.0,0.0,0.0,0.0,0.0,0.0,0,0,Cluster 0: Super Masif (Kecil Dominan),Cluster 0: Raksasa IMK (Kecil Dominan),0.0,0
JAWA TENGAH,2018,Jawa,-7.150975,110.140259,83666788.0,35147392.0,865215.0,49635.0,914850.0,1491301.0,396994.0,1888295.0,1,2,Cluster 2: Sedang / Potensial,Cluster 2: Produktivitas IMK Sedang,118814180.0,1
SULAWESI UTARA,2018,Sulawesi,0.627019,123.975107,3176011.0,560584.0,47820.0,631.0,48451.0,90315.0,4332.0,94647.0,0,0,Cluster 0: Super Masif (Kecil Dominan),Cluster 0: Raksasa IMK (Kecil Dominan),3736595.0,0
JAWA BARAT,2018,Jawa,-7.090911,107.668887,49726582.0,34226596.0,493784.0,42423.0,536207.0,935766.0,358454.0,1294220.0,1,2,Cluster 2: Sedang / Potensial,Cluster 2: Produktivitas IMK Sedang,83953178.0,3
PAPUA BARAT,2018,Maluku & Papua,-1.336246,133.174595,929843.0,254286.0,7080.0,226.0,7306.0,11958.0,1649.0,13607.0,0,0,Cluster 0: Super Masif (Kecil Dominan),Cluster 0: Raksasa IMK (Kecil Dominan),1184129.0,0
RIAU,2018,Sumatera,0.293491,101.706513,9266144.0,2204963.0,75215.0,2661.0,77876.0,141743.0,19291.0,161034.0,3,1,Cluster 1: Rendah / Berkembang,Cluster 1: Produktivitas IMK Rendah,11471107.0,2
GORONTALO,2018,Sulawesi,0.699526,122.446341,1736235.0,787801.0,28040.0,1982.0,30022.0,50276.0,14536.0,64812.0,0,0,Cluster 0: Super Masif (Kecil Dominan),Cluster 0: Raksasa IMK (Kecil Dominan),2524036.0,0
SULAWESI TENGGARA,2018,Sulawesi,-4.14576,122.174605,4581725.0,206715.0,69374.0,620.0,69994.0,134649.0,4594.0,139243.0,0,0,Cluster 0: Super Masif (Kecil Dominan),Cluster 0: Raksasa IMK (Kecil Dominan),4788440.0,0
KEP. BANGKA BELITUNG,2018,Sumatera,-2.741051,106.440903,2188200.0,485788.0,25027.0,561.0,25588.0,39027.0,4186.0,43213.0,0,0,Cluster 0: Super Masif (Kecil Dominan),Cluster 0: Raksasa IMK (Kecil Dominan),2673988.0,0
NUSA TENGGARA BARAT,2018,Bali & Nusa Tenggara,-8.652406,117.361649,5474489.0,2797738.0,86213.0,9992.0,96205.0,130693.0,128447.0,259140.0,3,1,Cluster 1: Rendah / Berkembang,Cluster 1: Produktivitas IMK Rendah,8272227.0,2
KALIMANTAN UTARA,2018,Kalimantan,3.073798,116.041703,648675.0,118016.0,5939.0,143.0,6082.0,10749.0,1204.0,11953.0,0,0,Cluster 0: Super Masif (Kecil Dominan),Cluster 0: Raksasa IMK (Kecil Dominan),766691.0,0
MALUKU,2018,Maluku & Papua,-3.238929,130.145295,2191314.0,144502.0,45771.0,188.0,45959.0,68025.0,1024.0,69049.0,0,0,Cluster 0: Super Masif (Kecil Dominan),Cluster 0: Raksasa IMK (Kecil Dominan),2335816.0,0
SULAWESI TENGAH,2018,Sulawesi,-1.430318,121.445017,3485271.0,521088.0,83028.0,6396.0,89424.0,188628.0,38561.0,227189.0,3,1,Cluster 1: Rendah / Berkembang,Cluster 1: Produktivitas IMK Rendah,4006359.0,2
BALI,2018,Bali & Nusa Tenggara,-8.340539,115.091949,8206590.0,3749432.0,114363.0,4146.0,118509.0,175761.0,30908.0,206669.0,3,1,Cluster 1: Rendah / Berkembang,Cluster 1: Produktivitas IMK Rendah,11956022.0,2
SUMATERA UTARA,2018,Sumatera,2.11583,99.538753,13781637.0,7177698.0,133221.0,7387.0,140608.0,238152.0,54335.0,292487.0,3,1,Cluster 1: Rendah / Berkembang,Cluster 1: Produktivitas IMK Rendah,20959335.0,2
KEP. RIAU,2018,Sumatera,3.945398,108.142571,2582803.0,837905.0,29013.0,982.0,29995.0,46903.0,7242.0,54145.0,0,0,Cluster 0: Super Masif (Kecil Dominan),Cluster 0: Raksasa IMK (Kecil Dominan),3420708.0,0
SUMATERA BARAT,2018,Sumatera,-0.739864,100.800018,9363817.0,6432388.0,104296.0,4292.0,108588.0,171100.0,31230.0,202330.0,3,1,Cluster 1: Rendah / Berkembang,Cluster 1: Produktivitas IMK Rendah,15796205.0,2
LAMPUNG,2018,Sumatera,-4.557573,105.406811,10666384.0,1480884.0,93011.0,2482.0,95493.0,185881.0,16894.0,202775.0,3,1,Cluster 1: Rendah / Berkembang,Cluster 1: Produktivitas IMK Rendah,12147268.0,2
BANTEN,2018,Jawa,-6.405876,106.102921,13237386.0,10056070.0,101727.0,8232.0,109959.0,189491.0,68621.0,258112.0,3,1,Cluster 1: Rendah / Berkembang,Cluster 1: Produktivitas IMK Rendah,23293456.0,2
PAPUA TENGAH,2019,Maluku & Papua,-4.0,136.5,0.0,0.0,0.0,0.0,0.0,0.0,0.0,0.0,0,0,Cluster 0: Super Masif (Kecil Dominan),Cluster 0: Raksasa IMK (Kecil Dominan),0.0,0
PAPUA SELATAN,2019,Maluku & Papua,-6.75,140.5,0.0,0.0,0.0,0.0,0.0,0.0,0.0,0.0,0,0,Cluster 0: Super Masif (Kecil Dominan),Cluster 0: Raksasa IMK (Kecil Dominan),0.0,0
DI YOGYAKARTA,2019,Jawa,-7.873783,110.425706,10180791.0,3825921.0,140215.0,6443.0,146658.0,247834.0,51118.0,298952.0,3,1,Cluster 1: Rendah / Berkembang,Cluster 1: Produktivitas IMK Rendah,14006712.0,2
ACEH,2019,Sumatera,4.695135,96.749397,6287024.0,1325978.0,104801.0,2117.0,106918.0,172364.0,14395.0,186759.0,3,1,Cluster 1: Rendah / Berkembang,Cluster 1: Produktivitas IMK Rendah,7613002.0,2
BENGKULU,2019,Sumatera,-3.79313,102.265808,2259287.0,435819.0,21144.0,523.0,21667.0,40011.0,3705.0,43716.0,0,0,Cluster 0: Super Masif (Kecil Dominan),Cluster 0: Raksasa IMK (Kecil Dominan),2695106.0,0
SUMATERA BARAT,2019,Sumatera,-0.739864,100.800018,8495123.0,2186106.0,97978.0,2734.0,100712.0,165544.0,20273.0,185817.0,3,1,Cluster 1: Rendah / Berkembang,Cluster 1: Produktivitas IMK Rendah,10681229.0,2
RIAU,2019,Sumatera,0.293491,101.706513,5741458.0,965199.0,58320.0,1517.0,59837.0,107393.0,12022.0,119415.0,0,0,Cluster 0: Super Masif (Kecil Dominan),Cluster 0: Raksasa IMK (Kecil Dominan),6706657.0,0
DKI JAKARTA,2019,Jawa,-6.211544,106.845172,12023299.0,13637841.0,50030.0,12899.0,62929.0,105517.0,109213.0,214730.0,3,1,Cluster 1: Rendah / Berkembang,Cluster 1: Produktivitas IMK Rendah,25661140.0,2
PAPUA BARAT DAYA,2019,Maluku & Papua,-1.8,132.0,0.0,0.0,0.0,0.0,0.0,0.0,0.0,0.0,0,0,Cluster 0: Super Masif (Kecil Dominan),Cluster 0: Raksasa IMK (Kecil Dominan),0.0,0
PAPUA BARAT,2019,Maluku & Papua,-1.336246,133.174595,961699.0,82156.0,6645.0,98.0,6743.0,11826.0,611.0,12437.0,0,0,Cluster 0: Super Masif (Kecil Dominan),Cluster 0: Raksasa IMK (Kecil Dominan),1043855.0,0
NUSA TENGGARA TIMUR,2019,Bali & Nusa Tenggara,-8.657384,121.079107,3769162.0,312240.0,139485.0,678.0,140163.0,222022.0,6175.0,228197.0,3,1,Cluster 1: Rendah / Berkembang,Cluster 1: Produktivitas IMK Rendah,4081402.0,2
KALIMANTAN TIMUR,2019,Kalimantan,1.681488,116.419389,3738328.0,1164806.0,31035.0,1007.0,32042.0,56051.0,8812.0,64863.0,0,0,Cluster 0: Super Masif (Kecil Dominan),Cluster 0: Raksasa IMK (Kecil Dominan),4903134.0,0
KEP. RIAU,2019,Sumatera,3.945398,108.142571,2736340.0,330613.0,16782.0,249.0,17031.0,27187.0,1954.0,29141.0,0,0,Cluster 0: Super Masif (Kecil Dominan),Cluster 0: Raksasa IMK (Kecil Dominan),3066953.0,0
KEP. BANGKA BELITUNG,2019,Sumatera,-2.741051,106.440903,1913467.0,414195.0,22114.0,685.0,22799.0,34693.0,4727.0,39420.0,0,0,Cluster 0: Super Masif (Kecil Dominan),Cluster 0: Raksasa IMK (Kecil Dominan),2327662.0,0
SULAWESI UTARA,2019,Sulawesi,0.627019,123.975107,3760729.0,663923.0,36458.0,573.0,37031.0,60266.0,3809.0,64075.0,0,0,Cluster 0: Super Masif (Kecil Dominan),Cluster 0: Raksasa IMK (Kecil Dominan),4424652.0,0
JAWA BARAT,2019,Jawa,-7.090911,107.668887,64882016.0,34639365.0,597300.0,32297.0,629597.0,1107917.0,276858.0,1384775.0,1,2,Cluster 2: Sedang / Potensial,Cluster 2: Produktivitas IMK Sedang,99521381.0,3
PAPUA PEGUNUNGAN,2019,Maluku & Papua,-4.5,138.5,0.0,0.0,0.0,0.0,0.0,0.0,0.0,0.0,0,0,Cluster 0: Super Masif (Kecil Dominan),Cluster 0: Raksasa IMK (Kecil Dominan),0.0,0
GORONTALO,2019,Sulawesi,0.699526,122.446341,5826472.0,2647311.0,27535.0,1180.0,28715.0,46558.0,7551.0,54109.0,0,0,Cluster 0: Super Masif (Kecil Dominan),Cluster 0: Raksasa IMK (Kecil Dominan),8473783.0,0
JAMBI,2019,Sumatera,-1.612129,103.611496,2387039.0,584817.0,27479.0,680.0,28159.0,44755.0,4486.0,49241.0,0,0,Cluster 0: Super Masif (Kecil Dominan),Cluster 0: Raksasa IMK (Kecil Dominan),2971856.0,0
KALIMANTAN SELATAN,2019,Kalimantan,-3.093082,115.283366,4628206.0,1434149.0,55889.0,1864.0,57753.0,87523.0,16352.0,103875.0,0,0,Cluster 0: Super Masif (Kecil Dominan),Cluster 0: Raksasa IMK (Kecil Dominan),6062355.0,0
KALIMANTAN BARAT,2019,Kalimantan,-0.138716,109.332657,3504442.0,402520.0,42494.0,530.0,43024.0,84285.0,4139.0,88424.0,0,0,Cluster 0: Super Masif (Kecil Dominan),Cluster 0: Raksasa IMK (Kecil Dominan),3906962.0,0
JAWA TIMUR,2019,Jawa,-7.536068,112.238425,62193230.0,22744977.0,770419.0,92031.0,862450.0,1461011.0,919662.0,2380673.0,2,3,Cluster 3: Sangat Tinggi (Mikro Dominan),Cluster 3: Raksasa IMK (Mikro Dominan),84938207.0,1
PAPUA,2019,Maluku & Papua,-4.269928,138.080353,1413832.0,261546.0,15184.0,297.0,15481.0,25420.0,1913.0,27333.0,0,0,Cluster 0: Super Masif (Kecil Dominan),Cluster 0: Raksasa IMK (Kecil Dominan),1675378.0,0
JAWA TENGAH,2019,Jawa,-7.150975,110.140259,52544382.0,26674734.0,857981.0,54440.0,912421.0,1470717.0,404209.0,1874926.0,1,2,Cluster 2: Sedang / Potensial,Cluster 2: Produktivitas IMK Sedang,79219116.0,1
SULAWESI BARAT,2019,Sulawesi,-2.840676,119.23247,1089979.0,246535.0,25653.0,642.0,26295.0,45562.0,4190.0,49752.0,0,0,Cluster 0: Super Masif (Kecil Dominan),Cluster 0: Raksasa IMK (Kecil Dominan),1336514.0,0
SUMATERA SELATAN,2019,Sumatera,-3.319009,103.914399,7551551.0,1356008.0,77973.0,2334.0,80307.0,141789.0,16505.0,158294.0,3,1,Cluster 1: Rendah / Berkembang,Cluster 1: Produktivitas IMK Rendah,8907559.0,2
SULAWESI TENGGARA,2019,Sulawesi,-4.14576,122.174605,3656325.0,204564.0,48915.0,520.0,49435.0,94800.0,3787.0,98587.0,0,0,Cluster 0: Super Masif (Kecil Dominan),Cluster 0: Raksasa IMK (Kecil Dominan),3860889.0,0
MALUKU,2019,Maluku & Papua,-3.238929,130.145295,1456260.0,137013.0,24839.0,165.0,25004.0,34652.0,1067.0,35719.0,0,0,Cluster 0: Super Masif (Kecil Dominan),Cluster 0: Raksasa IMK (Kecil Dominan),1593273.0,0
BALI,2019,Bali & Nusa Tenggara,-8.340539,115.091949,11501943.0,3561807.0,156291.0,4829.0,161120.0,234780.0,39606.0,274386.0,3,1,Cluster 1: Rendah / Berkembang,Cluster 1: Produktivitas IMK Rendah,15063750.0,2
LAMPUNG,2019,Sumatera,-4.557573,105.406811,12252170.0,2401881.0,92214.0,2827.0,95041.0,179673.0,19361.0,199034.0,3,1,Cluster 1: Rendah / Berkembang,Cluster 1: Produktivitas IMK Rendah,14654051.0,2
MALUKU UTARA,2019,Maluku & Papua,1.570696,127.808189,1335996.0,159397.0,13993.0,220.0,14213.0,22478.0,1340.0,23818.0,0,0,Cluster 0: Super Masif (Kecil Dominan),Cluster 0: Raksasa IMK (Kecil Dominan),1495393.0,0
NUSA TENGGARA BARAT,2019,Bali & Nusa Tenggara,-8.652406,117.361649,6642139.0,1756214.0,97511.0,10970.0,108481.0,150959.0,110536.0,261495.0,3,1,Cluster 1: Rendah / Berkembang,Cluster 1: Produktivitas IMK Rendah,8398353.0,2
BANTEN,2019,Jawa,-6.405876,106.102921,13613687.0,4983844.0,108712.0,4427.0,113139.0,198294.0,36728.0,235022.0,3,1,Cluster 1: Rendah / Berkembang,Cluster 1: Produktivitas IMK Rendah,18597531.0,2
SUMATERA UTARA,2019,Sumatera,2.11583,99.538753,10585776.0,4531504.0,122524.0,4628.0,127152.0,217916.0,43171.0,261087.0,3,1,Cluster 1: Rendah / Berkembang,Cluster 1: Produktivitas IMK Rendah,15117280.0,2
KALIMANTAN TENGAH,2019,Kalimantan,-1.681488,113.382355,2505327.0,585753.0,24421.0,1042.0,25463.0,41094.0,7999.0,49093.0,0,0,Cluster 0: Super Masif (Kecil Dominan),Cluster 0: Raksasa IMK (Kecil Dominan),3091080.0,0
SULAWESI SELATAN,2019,Sulawesi,-3.665354,119.97248,9791026.0,18975866.0,124786.0,5037.0,129823.0,223659.0,38385.0,262044.0,3,1,Cluster 1: Rendah / Berkembang,Cluster 1: Produktivitas IMK Rendah,28766892.0,2
SULAWESI TENGAH,2019,Sulawesi,-1.430318,121.445017,5618572.0,231065.0,82956.0,2423.0,85379.0,185661.0,16546.0,202207.0,3,1,Cluster 1: Rendah / Berkembang,Cluster 1: Produktivitas IMK Rendah,5849637.0,2
KALIMANTAN UTARA,2019,Kalimantan,3.073798,116.041703,657912.0,76777.0,7032.0,162.0,7194.0,12952.0,1078.0,14030.0,0,0,Cluster 0: Super Masif (Kecil Dominan),Cluster 0: Raksasa IMK (Kecil Dominan),734689.0,0
KEP. RIAU,2020,Sumatera,3.945398,108.142571,1251394.0,304748.0,13482.0,297.0,13779.0,22074.0,2233.0,24307.0,0,0,Cluster 0: Super Masif (Kecil Dominan),Cluster 0: Raksasa IMK (Kecil Dominan),1556142.0,0
SUMATERA SELATAN,2020,Sumatera,-3.319009,103.914399,5859708.0,1687648.0,73404.0,2165.0,75569.0,134620.0,16094.0,150714.0,3,1,Cluster 1: Rendah / Berkembang,Cluster 1: Produktivitas IMK Rendah,7547356.0,2
DI YOGYAKARTA,2020,Jawa,-7.873783,110.425706,6280897.0,2404362.0,133132.0,4367.0,137499.0,240628.0,30896.0,271524.0,3,1,Cluster 1: Rendah / Berkembang,Cluster 1: Produktivitas IMK Rendah,8685259.0,2
SUMATERA BARAT,2020,Sumatera,-0.739864,100.800018,7495519.0,2070089.0,91079.0,3313.0,94392.0,155646.0,21384.0,177030.0,3,1,Cluster 1: Rendah / Berkembang,Cluster 1: Produktivitas IMK Rendah,9565608.0,2
MALUKU UTARA,2020,Maluku & Papua,1.570696,127.808189,1307239.0,241793.0,13289.0,294.0,13583.0,20765.0,1720.0,22485.0,0,0,Cluster 0: Super Masif (Kecil Dominan),Cluster 0: Raksasa IMK (Kecil Dominan),1549032.0,0
KALIMANTAN UTARA,2020,Kalimantan,3.073798,116.041703,434221.0,110838.0,4771.0,192.0,4963.0,8418.0,1607.0,10025.0,0,0,Cluster 0: Super Masif (Kecil Dominan),Cluster 0: Raksasa IMK (Kecil Dominan),545059.0,0
KALIMANTAN TENGAH,2020,Kalimantan,-1.681488,113.382355,1892508.0,1813853.0,21774.0,1499.0,23273.0,34710.0,10323.0,45033.0,0,0,Cluster 0: Super Masif (Kecil Dominan),Cluster 0: Raksasa IMK (Kecil Dominan),3706361.0,0
KALIMANTAN SELATAN,2020,Kalimantan,-3.093082,115.283366,3455449.0,2260945.0,52798.0,2835.0,55633.0,83454.0,22231.0,105685.0,0,0,Cluster 0: Super Masif (Kecil Dominan),Cluster 0: Raksasa IMK (Kecil Dominan),5716394.0,0
KALIMANTAN TIMUR,2020,Kalimantan,1.681488,116.419389,2262592.0,978022.0,23550.0,1094.0,24644.0,43633.0,10348.0,53981.0,0,0,Cluster 0: Super Masif (Kecil Dominan),Cluster 0: Raksasa IMK (Kecil Dominan),3240614.0,0
NUSA TENGGARA BARAT,2020,Bali & Nusa Tenggara,-8.652406,117.361649,4607349.0,2183721.0,92839.0,11749.0,104588.0,143937.0,140282.0,284219.0,3,1,Cluster 1: Rendah / Berkembang,Cluster 1: Produktivitas IMK Rendah,6791070.0,2
SULAWESI TENGAH,2020,Sulawesi,-1.430318,121.445017,4301418.0,459318.0,81535.0,3024.0,84559.0,178605.0,19865.0,198470.0,3,1,Cluster 1: Rendah / Berkembang,Cluster 1: Produktivitas IMK Rendah,4760736.0,2
KEP. BANGKA BELITUNG,2020,Sumatera,-2.741051,106.440903,2128497.0,392859.0,21075.0,482.0,21557.0,35638.0,3471.0,39109.0,0,0,Cluster 0: Super Masif (Kecil Dominan),Cluster 0: Raksasa IMK (Kecil Dominan),2521356.0,0
BALI,2020,Bali & Nusa Tenggara,-8.340539,115.091949,9001272.0,2873865.0,145622.0,3894.0,149516.0,221793.0,31330.0,253123.0,3,1,Cluster 1: Rendah / Berkembang,Cluster 1: Produktivitas IMK Rendah,11875137.0,2
BANTEN,2020,Jawa,-6.405876,106.102921,11193229.0,11132367.0,100709.0,6968.0,107677.0,182853.0,52339.0,235192.0,3,1,Cluster 1: Rendah / Berkembang,Cluster 1: Produktivitas IMK Rendah,22325596.0,2
BENGKULU,2020,Sumatera,-3.79313,102.265808,1835187.0,336832.0,19919.0,514.0,20433.0,37621.0,3354.0,40975.0,0,0,Cluster 0: Super Masif (Kecil Dominan),Cluster 0: Raksasa IMK (Kecil Dominan),2172019.0,0
SUMATERA UTARA,2020,Sumatera,2.11583,99.538753,9334141.0,5195265.0,113495.0,6668.0,120163.0,200851.0,51535.0,252386.0,3,1,Cluster 1: Rendah / Berkembang,Cluster 1: Produktivitas IMK Rendah,14529406.0,2
RIAU,2020,Sumatera,0.293491,101.706513,5385145.0,1398048.0,48750.0,1952.0,50702.0,93070.0,13576.0,106646.0,0,0,Cluster 0: Super Masif (Kecil Dominan),Cluster 0: Raksasa IMK (Kecil Dominan),6783193.0,0
JAWA BARAT,2020,Jawa,-7.090911,107.668887,87451650.0,33782814.0,584920.0,41023.0,625943.0,1042971.0,332159.0,1375130.0,1,2,Cluster 2: Sedang / Potensial,Cluster 2: Produktivitas IMK Sedang,121234464.0,3
PAPUA SELATAN,2020,Maluku & Papua,-6.75,140.5,0.0,0.0,0.0,0.0,0.0,0.0,0.0,0.0,0,0,Cluster 0: Super Masif (Kecil Dominan),Cluster 0: Raksasa IMK (Kecil Dominan),0.0,0
PAPUA PEGUNUNGAN,2020,Maluku & Papua,-4.5,138.5,0.0,0.0,0.0,0.0,0.0,0.0,0.0,0.0,0,0,Cluster 0: Super Masif (Kecil Dominan),Cluster 0: Raksasa IMK (Kecil Dominan),0.0,0
GORONTALO,2020,Sulawesi,0.699526,122.446341,1328569.0,544382.0,27273.0,1363.0,28636.0,46793.0,9268.0,56061.0,0,0,Cluster 0: Super Masif (Kecil Dominan),Cluster 0: Raksasa IMK (Kecil Dominan),1872951.0,0
DKI JAKARTA,2020,Jawa,-6.211544,106.845172,7723022.0,14347068.0,46084.0,12933.0,59017.0,90962.0,103784.0,194746.0,3,1,Cluster 1: Rendah / Berkembang,Cluster 1: Produktivitas IMK Rendah,22070090.0,2
KALIMANTAN BARAT,2020,Kalimantan,-0.138716,109.332657,3089520.0,771637.0,38187.0,962.0,39149.0,75099.0,7147.0,82246.0,0,0,Cluster 0: Super Masif (Kecil Dominan),Cluster 0: Raksasa IMK (Kecil Dominan),3861157.0,0
SULAWESI SELATAN,2020,Sulawesi,-3.665354,119.97248,9217201.0,8858165.0,121097.0,5392.0,126489.0,222034.0,42711.0,264745.0,3,1,Cluster 1: Rendah / Berkembang,Cluster 1: Produktivitas IMK Rendah,18075366.0,2
PAPUA BARAT,2020,Maluku & Papua,-1.336246,133.174595,560754.0,259581.0,4277.0,281.0,4558.0,7626.0,1823.0,9449.0,0,0,Cluster 0: Super Masif (Kecil Dominan),Cluster 0: Raksasa IMK (Kecil Dominan),820335.0,0
PAPUA BARAT DAYA,2020,Maluku & Papua,-1.8,132.0,0.0,0.0,0.0,0.0,0.0,0.0,0.0,0.0,0,0,Cluster 0: Super Masif (Kecil Dominan),Cluster 0: Raksasa IMK (Kecil Dominan),0.0,0
JAWA TIMUR,2020,Jawa,-7.536068,112.238425,48309789.0,29701905.0,720250.0,108232.0,828482.0,1345443.0,1089835.0,2435278.0,2,3,Cluster 3: Sangat Tinggi (Mikro Dominan),Cluster 3: Raksasa IMK (Mikro Dominan),78011694.0,1
PAPUA,2020,Maluku & Papua,-4.269928,138.080353,1792244.0,250442.0,11812.0,282.0,12094.0,22247.0,1857.0,24104.0,0,0,Cluster 0: Super Masif (Kecil Dominan),Cluster 0: Raksasa IMK (Kecil Dominan),2042686.0,0
SULAWESI TENGGARA,2020,Sulawesi,-4.14576,122.174605,3868730.0,629979.0,44620.0,968.0,45588.0,85924.0,6894.0,92818.0,0,0,Cluster 0: Super Masif (Kecil Dominan),Cluster 0: Raksasa IMK (Kecil Dominan),4498709.0,0
MALUKU,2020,Maluku & Papua,-3.238929,130.145295,1095383.0,184308.0,21890.0,311.0,22201.0,30981.0,1907.0,32888.0,0,0,Cluster 0: Super Masif (Kecil Dominan),Cluster 0: Raksasa IMK (Kecil Dominan),1279691.0,0
JAWA TENGAH,2020,Jawa,-7.150975,110.140259,51961225.0,31725659.0,831652.0,66510.0,898162.0,1459752.0,591780.0,2051532.0,1,2,Cluster 2: Sedang / Potensial,Cluster 2: Produktivitas IMK Sedang,83686884.0,1
LAMPUNG,2020,Sumatera,-4.557573,105.406811,7389456.0,3570244.0,84452.0,4074.0,88526.0,166382.0,26919.0,193301.0,3,1,Cluster 1: Rendah / Berkembang,Cluster 1: Produktivitas IMK Rendah,10959700.0,2
JAMBI,2020,Sumatera,-1.612129,103.611496,2106224.0,664736.0,25254.0,831.0,26085.0,42643.0,5455.0,48098.0,0,0,Cluster 0: Super Masif (Kecil Dominan),Cluster 0: Raksasa IMK (Kecil Dominan),2770960.0,0
PAPUA TENGAH,2020,Maluku & Papua,-4.0,136.5,0.0,0.0,0.0,0.0,0.0,0.0,0.0,0.0,0,0,Cluster 0: Super Masif (Kecil Dominan),Cluster 0: Raksasa IMK (Kecil Dominan),0.0,0
SULAWESI BARAT,2020,Sulawesi,-2.840676,119.23247,772331.0,269933.0,25221.0,671.0,25892.0,45170.0,4353.0,49523.0,0,0,Cluster 0: Super Masif (Kecil Dominan),Cluster 0: Raksasa IMK (Kecil Dominan),1042264.0,0
ACEH,2020,Sumatera,4.695135,96.749397,6534833.0,2318969.0,100728.0,2572.0,103300.0,159683.0,17602.0,177285.0,3,1,Cluster 1: Rendah / Berkembang,Cluster 1: Produktivitas IMK Rendah,8853802.0,2
SULAWESI UTARA,2020,Sulawesi,0.627019,123.975107,3269830.0,782960.0,35727.0,1384.0,37111.0,59419.0,9249.0,68668.0,0,0,Cluster 0: Super Masif (Kecil Dominan),Cluster 0: Raksasa IMK (Kecil Dominan),4052790.0,0
NUSA TENGGARA TIMUR,2020,Bali & Nusa Tenggara,-8.657384,121.079107,3227113.0,504299.0,135051.0,1003.0,136054.0,212530.0,8236.0,220766.0,3,1,Cluster 1: Rendah / Berkembang,Cluster 1: Produktivitas IMK Rendah,3731412.0,2
LAMPUNG,2021,Sumatera,-4.557573,105.406811,10221503.0,877427.0,82805.0,1219.0,84024.0,168992.0,9634.0,178626.0,3,1,Cluster 1: Rendah / Berkembang,Cluster 1: Produktivitas IMK Rendah,11098930.0,0
MALUKU UTARA,2021,Maluku & Papua,1.570696,127.808189,1452459.0,140721.0,15857.0,288.0,16145.0,27003.0,2065.0,29068.0,0,0,Cluster 0: Super Masif (Kecil Dominan),Cluster 0: Raksasa IMK (Kecil Dominan),1593180.0,2
SULAWESI TENGGARA,2021,Sulawesi,-4.14576,122.174605,4297825.0,89457.0,54713.0,172.0,54885.0,103711.0,1353.0,105064.0,0,0,Cluster 0: Super Masif (Kecil Dominan),Cluster 0: Raksasa IMK (Kecil Dominan),4387282.0,2
PAPUA TENGAH,2021,Maluku & Papua,-4.0,136.5,0.0,0.0,0.0,0.0,0.0,0.0,0.0,0.0,0,0,Cluster 0: Super Masif (Kecil Dominan),Cluster 0: Raksasa IMK (Kecil Dominan),0.0,2
ACEH,2021,Sumatera,4.695135,96.749397,9484031.0,1336072.0,111920.0,1372.0,113292.0,180314.0,10200.0,190514.0,3,1,Cluster 1: Rendah / Berkembang,Cluster 1: Produktivitas IMK Rendah,10820103.0,0
DI YOGYAKARTA,2021,Jawa,-7.873783,110.425706,7191708.0,1553303.0,103559.0,4332.0,107891.0,192172.0,29497.0,221669.0,3,1,Cluster 1: Rendah / Berkembang,Cluster 1: Produktivitas IMK Rendah,8745011.0,0
GORONTALO,2021,Sulawesi,0.699526,122.446341,1662769.0,143101.0,25632.0,129.0,25761.0,44844.0,872.0,45716.0,0,0,Cluster 0: Super Masif (Kecil Dominan),Cluster 0: Raksasa IMK (Kecil Dominan),1805870.0,2
DKI JAKARTA,2021,Jawa,-6.211544,106.845172,13719524.0,7215669.0,54029.0,8079.0,62108.0,114075.0,64397.0,178472.0,3,1,Cluster 1: Rendah / Berkembang,Cluster 1: Produktivitas IMK Rendah,20935193.0,0
PAPUA SELATAN,2021,Maluku & Papua,-6.75,140.5,0.0,0.0,0.0,0.0,0.0,0.0,0.0,0.0,0,0,Cluster 0: Super Masif (Kecil Dominan),Cluster 0: Raksasa IMK (Kecil Dominan),0.0,2
PAPUA PEGUNUNGAN,2021,Maluku & Papua,-4.5,138.5,0.0,0.0,0.0,0.0,0.0,0.0,0.0,0.0,0,0,Cluster 0: Super Masif (Kecil Dominan),Cluster 0: Raksasa IMK (Kecil Dominan),0.0,2
MALUKU,2021,Maluku & Papua,-3.238929,130.145295,2298999.0,33639.0,35253.0,111.0,35364.0,53257.0,639.0,53896.0,0,0,Cluster 0: Super Masif (Kecil Dominan),Cluster 0: Raksasa IMK (Kecil Dominan),2332638.0,2
KEP. BANGKA BELITUNG,2021,Sumatera,-2.741051,106.440903,1849480.0,433044.0,18578.0,574.0,19152.0,32019.0,4776.0,36795.0,0,0,Cluster 0: Super Masif (Kecil Dominan),Cluster 0: Raksasa IMK (Kecil Dominan),2282524.0,2
JAMBI,2021,Sumatera,-1.612129,103.611496,3362552.0,404920.0,28754.0,630.0,29384.0,51657.0,5509.0,57166.0,0,0,Cluster 0: Super Masif (Kecil Dominan),Cluster 0: Raksasa IMK (Kecil Dominan),3767472.0,2
JAWA BARAT,2021,Jawa,-7.090911,107.668887,71596969.0,29442825.0,592791.0,29434.0,622225.0,1143234.0,248254.0,1391488.0,1,2,Cluster 2: Sedang / Potensial,Cluster 2: Produktivitas IMK Sedang,101039794.0,3
JAWA TENGAH,2021,Jawa,-7.150975,110.140259,79084398.0,29641264.0,808293.0,47195.0,855488.0,1505023.0,370535.0,1875558.0,1,2,Cluster 2: Sedang / Potensial,Cluster 2: Produktivitas IMK Sedang,108725662.0,1
NUSA TENGGARA TIMUR,2021,Bali & Nusa Tenggara,-8.657384,121.079107,5482581.0,212543.0,155871.0,434.0,156305.0,247135.0,4325.0,251460.0,3,1,Cluster 1: Rendah / Berkembang,Cluster 1: Produktivitas IMK Rendah,5695124.0,0
PAPUA BARAT,2021,Maluku & Papua,-1.336246,133.174595,894059.0,93220.0,5992.0,77.0,6069.0,10895.0,526.0,11421.0,0,0,Cluster 0: Super Masif (Kecil Dominan),Cluster 0: Raksasa IMK (Kecil Dominan),987279.0,2
PAPUA,2021,Maluku & Papua,-4.269928,138.080353,1917885.0,124474.0,15941.0,168.0,16109.0,28112.0,1115.0,29227.0,0,0,Cluster 0: Super Masif (Kecil Dominan),Cluster 0: Raksasa IMK (Kecil Dominan),2042359.0,2
JAWA TIMUR,2021,Jawa,-7.536068,112.238425,65701394.0,18918048.0,681442.0,80573.0,762015.0,1332360.0,771832.0,2104192.0,2,3,Cluster 3: Sangat Tinggi (Mikro Dominan),Cluster 3: Raksasa IMK (Mikro Dominan),84619442.0,1
KALIMANTAN BARAT,2021,Kalimantan,-0.138716,109.332657,3801972.0,737739.0,39480.0,557.0,40037.0,73469.0,4689.0,78158.0,0,0,Cluster 0: Super Masif (Kecil Dominan),Cluster 0: Raksasa IMK (Kecil Dominan),4539711.0,2
PAPUA BARAT DAYA,2021,Maluku & Papua,-1.8,132.0,0.0,0.0,0.0,0.0,0.0,0.0,0.0,0.0,0,0,Cluster 0: Super Masif (Kecil Dominan),Cluster 0: Raksasa IMK (Kecil Dominan),0.0,2
SULAWESI UTARA,2021,Sulawesi,0.627019,123.975107,4012317.0,1452943.0,52678.0,625.0,53303.0,96307.0,5439.0,101746.0,0,0,Cluster 0: Super Masif (Kecil Dominan),Cluster 0: Raksasa IMK (Kecil Dominan),5465260.0,2
KALIMANTAN UTARA,2021,Kalimantan,3.073798,116.041703,635649.0,53400.0,6224.0,58.0,6282.0,11395.0,403.0,11798.0,0,0,Cluster 0: Super Masif (Kecil Dominan),Cluster 0: Raksasa IMK (Kecil Dominan),689049.0,2
SULAWESI SELATAN,2021,Sulawesi,-3.665354,119.97248,9778556.0,1340652.0,121537.0,1343.0,122880.0,213356.0,10634.0,223990.0,3,1,Cluster 1: Rendah / Berkembang,Cluster 1: Produktivitas IMK Rendah,11119208.0,0
SUMATERA BARAT,2021,Sumatera,-0.739864,100.800018,10144001.0,1544626.0,94090.0,2543.0,96633.0,167048.0,18160.0,185208.0,3,1,Cluster 1: Rendah / Berkembang,Cluster 1: Produktivitas IMK Rendah,11688627.0,0
SULAWESI BARAT,2021,Sulawesi,-2.840676,119.23247,2164732.0,31975.0,23720.0,115.0,23835.0,42375.0,656.0,43031.0,0,0,Cluster 0: Super Masif (Kecil Dominan),Cluster 0: Raksasa IMK (Kecil Dominan),2196707.0,2
SUMATERA UTARA,2021,Sumatera,2.11583,99.538753,13787929.0,6370598.0,126732.0,5650.0,132382.0,233331.0,47200.0,280531.0,3,1,Cluster 1: Rendah / Berkembang,Cluster 1: Produktivitas IMK Rendah,20158527.0,0
BALI,2021,Bali & Nusa Tenggara,-8.340539,115.091949,9200624.0,2438727.0,146025.0,2301.0,148326.0,227768.0,16885.0,244653.0,3,1,Cluster 1: Rendah / Berkembang,Cluster 1: Produktivitas IMK Rendah,11639351.0,0
KALIMANTAN SELATAN,2021,Kalimantan,-3.093082,115.283366,3386713.0,2452353.0,55968.0,1107.0,57075.0,90064.0,8983.0,99047.0,0,0,Cluster 0: Super Masif (Kecil Dominan),Cluster 0: Raksasa IMK (Kecil Dominan),5839066.0,2
KALIMANTAN TIMUR,2021,Kalimantan,1.681488,116.419389,2696758.0,380475.0,26156.0,446.0,26602.0,47201.0,3076.0,50277.0,0,0,Cluster 0: Super Masif (Kecil Dominan),Cluster 0: Raksasa IMK (Kecil Dominan),3077233.0,2
NUSA TENGGARA BARAT,2021,Bali & Nusa Tenggara,-8.652406,117.361649,6190551.0,4054279.0,97704.0,9271.0,106975.0,152198.0,106508.0,258706.0,3,1,Cluster 1: Rendah / Berkembang,Cluster 1: Produktivitas IMK Rendah,10244830.0,0
KALIMANTAN TENGAH,2021,Kalimantan,-1.681488,113.382355,2395249.0,393737.0,25584.0,423.0,26007.0,42870.0,2871.0,45741.0,0,0,Cluster 0: Super Masif (Kecil Dominan),Cluster 0: Raksasa IMK (Kecil Dominan),2788986.0,2
SULAWESI TENGAH,2021,Sulawesi,-1.430318,121.445017,5980340.0,214029.0,87511.0,1004.0,88515.0,197181.0,5467.0,202648.0,3,1,Cluster 1: Rendah / Berkembang,Cluster 1: Produktivitas IMK Rendah,6194369.0,0
SUMATERA SELATAN,2021,Sumatera,-3.319009,103.914399,9325171.0,1056821.0,77494.0,1621.0,79115.0,141794.0,11608.0,153402.0,3,1,Cluster 1: Rendah / Berkembang,Cluster 1: Produktivitas IMK Rendah,10381992.0,0
BANTEN,2021,Jawa,-6.405876,106.102921,11694287.0,2921544.0,100260.0,3568.0,103828.0,174856.0,27816.0,202672.0,3,1,Cluster 1: Rendah / Berkembang,Cluster 1: Produktivitas IMK Rendah,14615831.0,0
KEP. RIAU,2021,Sumatera,3.945398,108.142571,1910478.0,136267.0,17878.0,147.0,18025.0,29300.0,1044.0,30344.0,0,0,Cluster 0: Super Masif (Kecil Dominan),Cluster 0: Raksasa IMK (Kecil Dominan),2046745.0,2
RIAU,2021,Sumatera,0.293491,101.706513,5345145.0,533755.0,44976.0,819.0,45795.0,88301.0,6447.0,94748.0,0,0,Cluster 0: Super Masif (Kecil Dominan),Cluster 0: Raksasa IMK (Kecil Dominan),5878900.0,2
BENGKULU,2021,Sumatera,-3.79313,102.265808,2267316.0,115919.0,20636.0,220.0,20856.0,40937.0,1328.0,42265.0,0,0,Cluster 0: Super Masif (Kecil Dominan),Cluster 0: Raksasa IMK (Kecil Dominan),2383235.0,2
KEP. RIAU,2022,Sumatera,3.945398,108.142571,1785495.0,320809.0,16926.0,113.0,17039.0,25474.0,742.0,26216.0,0,0,Cluster 0: Super Masif (Kecil Dominan),Cluster 0: Raksasa IMK (Kecil Dominan),2106304.0,0
BALI,2022,Bali & Nusa Tenggara,-8.340539,115.091949,12658405.0,1847639.0,148133.0,2333.0,150466.0,237668.0,16152.0,253820.0,3,1,Cluster 1: Rendah / Berkembang,Cluster 1: Produktivitas IMK Rendah,14506044.0,2
ACEH,2022,Sumatera,4.695135,96.749397,6974279.0,443587.0,108050.0,448.0,108498.0,174367.0,3318.0,177685.0,3,1,Cluster 1: Rendah / Berkembang,Cluster 1: Produktivitas IMK Rendah,7417866.0,2
BANTEN,2022,Jawa,-6.405876,106.102921,13736122.0,8816917.0,97303.0,5056.0,102359.0,181734.0,38475.0,220209.0,3,1,Cluster 1: Rendah / Berkembang,Cluster 1: Produktivitas IMK Rendah,22553039.0,2
SULAWESI BARAT,2022,Sulawesi,-2.840676,119.23247,1708161.0,178855.0,27456.0,436.0,27892.0,48217.0,2698.0,50915.0,0,0,Cluster 0: Super Masif (Kecil Dominan),Cluster 0: Raksasa IMK (Kecil Dominan),1887016.0,0
KALIMANTAN TIMUR,2022,Kalimantan,1.681488,116.419389,3751603.0,1049200.0,25688.0,536.0,26224.0,45967.0,3754.0,49721.0,0,0,Cluster 0: Super Masif (Kecil Dominan),Cluster 0: Raksasa IMK (Kecil Dominan),4800803.0,0
SUMATERA SELATAN,2022,Sumatera,-3.319009,103.914399,7151741.0,1062491.0,72707.0,1349.0,74056.0,136340.0,11085.0,147425.0,3,1,Cluster 1: Rendah / Berkembang,Cluster 1: Produktivitas IMK Rendah,8214232.0,2
LAMPUNG,2022,Sumatera,-4.557573,105.406811,11220608.0,1071839.0,82715.0,1818.0,84533.0,163665.0,13256.0,176921.0,3,1,Cluster 1: Rendah / Berkembang,Cluster 1: Produktivitas IMK Rendah,12292447.0,2
DI YOGYAKARTA,2022,Jawa,-7.873783,110.425706,8201650.0,2581306.0,120731.0,2841.0,123572.0,216773.0,21899.0,238672.0,3,1,Cluster 1: Rendah / Berkembang,Cluster 1: Produktivitas IMK Rendah,10782956.0,2
PAPUA TENGAH,2022,Maluku & Papua,-4.0,136.5,0.0,0.0,0.0,0.0,0.0,0.0,0.0,0.0,0,0,Cluster 0: Super Masif (Kecil Dominan),Cluster 0: Raksasa IMK (Kecil Dominan),0.0,0
GORONTALO,2022,Sulawesi,0.699526,122.446341,2194482.0,305405.0,30542.0,561.0,31103.0,60734.0,3683.0,64417.0,0,0,Cluster 0: Super Masif (Kecil Dominan),Cluster 0: Raksasa IMK (Kecil Dominan),2499887.0,0
DKI JAKARTA,2022,Jawa,-6.211544,106.845172,12107381.0,9346178.0,45051.0,10112.0,55163.0,98273.0,76692.0,174965.0,3,1,Cluster 1: Rendah / Berkembang,Cluster 1: Produktivitas IMK Rendah,21453559.0,2
JAMBI,2022,Sumatera,-1.612129,103.611496,4718844.0,391592.0,32656.0,339.0,32995.0,61813.0,2991.0,64804.0,0,0,Cluster 0: Super Masif (Kecil Dominan),Cluster 0: Raksasa IMK (Kecil Dominan),5110436.0,0
JAWA BARAT,2022,Jawa,-7.090911,107.668887,76995188.0,40613529.0,632921.0,34874.0,667795.0,1224823.0,292741.0,1517564.0,1,2,Cluster 2: Sedang / Potensial,Cluster 2: Produktivitas IMK Sedang,117608717.0,3
PAPUA SELATAN,2022,Maluku & Papua,-6.75,140.5,0.0,0.0,0.0,0.0,0.0,0.0,0.0,0.0,0,0,Cluster 0: Super Masif (Kecil Dominan),Cluster 0: Raksasa IMK (Kecil Dominan),0.0,0
PAPUA PEGUNUNGAN,2022,Maluku & Papua,-4.5,138.5,0.0,0.0,0.0,0.0,0.0,0.0,0.0,0.0,0,0,Cluster 0: Super Masif (Kecil Dominan),Cluster 0: Raksasa IMK (Kecil Dominan),0.0,0
PAPUA,2022,Maluku & Papua,-4.269928,138.080353,1867379.0,562601.0,14174.0,330.0,14504.0,29488.0,1948.0,31436.0,0,0,Cluster 0: Super Masif (Kecil Dominan),Cluster 0: Raksasa IMK (Kecil Dominan),2429980.0,0
JAWA TENGAH,2022,Jawa,-7.150975,110.140259,69171518.0,22598012.0,856144.0,35964.0,892108.0,1466155.0,269449.0,1735604.0,1,2,Cluster 2: Sedang / Potensial,Cluster 2: Produktivitas IMK Sedang,91769530.0,1
KALIMANTAN BARAT,2022,Kalimantan,-0.138716,109.332657,4130505.0,370816.0,38561.0,563.0,39124.0,65815.0,3698.0,69513.0,0,0,Cluster 0: Super Masif (Kecil Dominan),Cluster 0: Raksasa IMK (Kecil Dominan),4501321.0,0
NUSA TENGGARA TIMUR,2022,Bali & Nusa Tenggara,-8.657384,121.079107,4882365.0,131760.0,166792.0,1210.0,168002.0,276960.0,7539.0,284499.0,3,1,Cluster 1: Rendah / Berkembang,Cluster 1: Produktivitas IMK Rendah,5014125.0,2
SULAWESI TENGGARA,2022,Sulawesi,-4.14576,122.174605,3711205.0,59502.0,44220.0,233.0,44453.0,81309.0,1361.0,82670.0,0,0,Cluster 0: Super Masif (Kecil Dominan),Cluster 0: Raksasa IMK (Kecil Dominan),3770707.0,0
SULAWESI UTARA,2022,Sulawesi,0.627019,123.975107,4315416.0,45449.0,44214.0,94.0,44308.0,77944.0,699.0,78643.0,0,0,Cluster 0: Super Masif (Kecil Dominan),Cluster 0: Raksasa IMK (Kecil Dominan),4360865.0,0
PAPUA BARAT DAYA,2022,Maluku & Papua,-1.8,132.0,0.0,0.0,0.0,0.0,0.0,0.0,0.0,0.0,0,0,Cluster 0: Super Masif (Kecil Dominan),Cluster 0: Raksasa IMK (Kecil Dominan),0.0,0
PAPUA BARAT,2022,Maluku & Papua,-1.336246,133.174595,991710.0,151956.0,6118.0,155.0,6273.0,11377.0,1045.0,12422.0,0,0,Cluster 0: Super Masif (Kecil Dominan),Cluster 0: Raksasa IMK (Kecil Dominan),1143666.0,0
JAWA TIMUR,2022,Jawa,-7.536068,112.238425,66390322.0,25980047.0,782131.0,92366.0,874497.0,1483029.0,955741.0,2438770.0,2,3,Cluster 3: Sangat Tinggi (Mikro Dominan),Cluster 3: Raksasa IMK (Mikro Dominan),92370369.0,1
MALUKU,2022,Maluku & Papua,-3.238929,130.145295,1901775.0,239172.0,33406.0,207.0,33613.0,54945.0,1314.0,56259.0,0,0,Cluster 0: Super Masif (Kecil Dominan),Cluster 0: Raksasa IMK (Kecil Dominan),2140947.0,0
KEP. BANGKA BELITUNG,2022,Sumatera,-2.741051,106.440903,2708620.0,355203.0,18756.0,423.0,19179.0,33966.0,3331.0,37297.0,0,0,Cluster 0: Super Masif (Kecil Dominan),Cluster 0: Raksasa IMK (Kecil Dominan),3063823.0,0
SULAWESI TENGAH,2022,Sulawesi,-1.430318,121.445017,5806346.0,409995.0,86280.0,2299.0,88579.0,191404.0,17615.0,209019.0,3,1,Cluster 1: Rendah / Berkembang,Cluster 1: Produktivitas IMK Rendah,6216341.0,2
SUMATERA UTARA,2022,Sumatera,2.11583,99.538753,13938211.0,1701086.0,117806.0,3108.0,120914.0,214261.0,25571.0,239832.0,3,1,Cluster 1: Rendah / Berkembang,Cluster 1: Produktivitas IMK Rendah,15639297.0,2
SUMATERA BARAT,2022,Sumatera,-0.739864,100.800018,10435955.0,1905108.0,86129.0,1755.0,87884.0,141852.0,14694.0,156546.0,3,1,Cluster 1: Rendah / Berkembang,Cluster 1: Produktivitas IMK Rendah,12341063.0,2
KALIMANTAN UTARA,2022,Kalimantan,3.073798,116.041703,829871.0,88160.0,5221.0,133.0,5354.0,9312.0,882.0,10194.0,0,0,Cluster 0: Super Masif (Kecil Dominan),Cluster 0: Raksasa IMK (Kecil Dominan),918031.0,0
KALIMANTAN TENGAH,2022,Kalimantan,-1.681488,113.382355,2387546.0,522666.0,23359.0,593.0,23952.0,37304.0,5152.0,42456.0,0,0,Cluster 0: Super Masif (Kecil Dominan),Cluster 0: Raksasa IMK (Kecil Dominan),2910212.0,0
SULAWESI SELATAN,2022,Sulawesi,-3.665354,119.97248,11893015.0,4216692.0,127221.0,2458.0,129679.0,213998.0,19909.0,233907.0,3,1,Cluster 1: Rendah / Berkembang,Cluster 1: Produktivitas IMK Rendah,16109707.0,2
KALIMANTAN SELATAN,2022,Kalimantan,-3.093082,115.283366,3531628.0,1153205.0,53646.0,882.0,54528.0,84205.0,6744.0,90949.0,0,0,Cluster 0: Super Masif (Kecil Dominan),Cluster 0: Raksasa IMK (Kecil Dominan),4684833.0,0
BENGKULU,2022,Sumatera,-3.79313,102.265808,3091741.0,368648.0,18435.0,354.0,18789.0,34880.0,2821.0,37701.0,0,0,Cluster 0: Super Masif (Kecil Dominan),Cluster 0: Raksasa IMK (Kecil Dominan),3460389.0,0
RIAU,2022,Sumatera,0.293491,101.706513,6130320.0,1663818.0,44623.0,1863.0,46486.0,83523.0,14162.0,97685.0,0,0,Cluster 0: Super Masif (Kecil Dominan),Cluster 0: Raksasa IMK (Kecil Dominan),7794138.0,0
NUSA TENGGARA BARAT,2022,Bali & Nusa Tenggara,-8.652406,117.361649,5586067.0,2228341.0,98777.0,10450.0,109227.0,161359.0,117674.0,279033.0,3,1,Cluster 1: Rendah / Berkembang,Cluster 1: Produktivitas IMK Rendah,7814408.0,2
MALUKU UTARA,2022,Maluku & Papua,1.570696,127.808189,1397580.0,411206.0,15977.0,103.0,16080.0,28008.0,1002.0,29010.0,0,0,Cluster 0: Super Masif (Kecil Dominan),Cluster 0: Raksasa IMK (Kecil Dominan),1808786.0,0
SULAWESI UTARA,2023,Sulawesi,0.627019,123.975107,3545825.0,375045.0,59112.0,1849.0,60961.0,101403.0,12593.0,113996.0,0,0,Cluster 0: Super Masif (Kecil Dominan),Cluster 0: Raksasa IMK (Kecil Dominan),3920870.0,0
SULAWESI TENGGARA,2023,Sulawesi,-4.14576,122.174605,4570758.0,659691.0,47415.0,1738.0,49153.0,93082.0,10877.0,103959.0,0,0,Cluster 0: Super Masif (Kecil Dominan),Cluster 0: Raksasa IMK (Kecil Dominan),5230449.0,0
SUMATERA UTARA,2023,Sumatera,2.11583,99.538753,11334254.0,3744842.0,119539.0,7368.0,126907.0,211161.0,53998.0,265159.0,3,1,Cluster 1: Rendah / Berkembang,Cluster 1: Produktivitas IMK Rendah,15079096.0,3
SUMATERA SELATAN,2023,Sumatera,-3.319009,103.914399,9582740.0,1627565.0,75282.0,1934.0,77216.0,133137.0,13824.0,146961.0,3,1,Cluster 1: Rendah / Berkembang,Cluster 1: Produktivitas IMK Rendah,11210305.0,3
MALUKU UTARA,2023,Maluku & Papua,1.570696,127.808189,1322265.0,264553.0,17016.0,322.0,17338.0,28976.0,2214.0,31190.0,0,0,Cluster 0: Super Masif (Kecil Dominan),Cluster 0: Raksasa IMK (Kecil Dominan),1586818.0,0
MALUKU,2023,Maluku & Papua,-3.238929,130.145295,2631043.0,132120.0,61308.0,199.0,61507.0,89409.0,1252.0,90661.0,0,0,Cluster 0: Super Masif (Kecil Dominan),Cluster 0: Raksasa IMK (Kecil Dominan),2763163.0,0
JAWA BARAT,2023,Jawa,-7.090911,107.668887,85293391.0,73199368.0,584903.0,56736.0,641639.0,1127656.0,451359.0,1579015.0,1,2,Cluster 2: Sedang / Potensial,Cluster 2: Produktivitas IMK Sedang,158492759.0,2
JAMBI,2023,Sumatera,-1.612129,103.611496,3754580.0,367439.0,33742.0,792.0,34534.0,57183.0,5333.0,62516.0,0,0,Cluster 0: Super Masif (Kecil Dominan),Cluster 0: Raksasa IMK (Kecil Dominan),4122019.0,0
NUSA TENGGARA BARAT,2023,Bali & Nusa Tenggara,-8.652406,117.361649,7918908.0,7985825.0,131958.0,18004.0,149962.0,202080.0,135869.0,337949.0,3,1,Cluster 1: Rendah / Berkembang,Cluster 1: Produktivitas IMK Rendah,15904733.0,3
SULAWESI BARAT,2023,Sulawesi,-2.840676,119.23247,1223779.0,263770.0,21947.0,541.0,22488.0,38023.0,3417.0,41440.0,0,0,Cluster 0: Super Masif (Kecil Dominan),Cluster 0: Raksasa IMK (Kecil Dominan),1487549.0,0
KALIMANTAN SELATAN,2023,Kalimantan,-3.093082,115.283366,4627675.0,3193035.0,64528.0,2842.0,67370.0,98509.0,19364.0,117873.0,0,0,Cluster 0: Super Masif (Kecil Dominan),Cluster 0: Raksasa IMK (Kecil Dominan),7820710.0,0
KALIMANTAN TENGAH,2023,Kalimantan,-1.681488,113.382355,3033972.0,536225.0,27952.0,599.0,28551.0,45760.0,4062.0,49822.0,0,0,Cluster 0: Super Masif (Kecil Dominan),Cluster 0: Raksasa IMK (Kecil Dominan),3570197.0,0
JAWA TENGAH,2023,Jawa,-7.150975,110.140259,62719869.0,46337315.0,811039.0,51887.0,862926.0,1403785.0,378564.0,1782349.0,1,2,Cluster 2: Sedang / Potensial,Cluster 2: Produktivitas IMK Sedang,109057184.0,1
GORONTALO,2023,Sulawesi,0.699526,122.446341,2037987.0,427021.0,38089.0,836.0,38925.0,64914.0,6101.0,71015.0,0,0,Cluster 0: Super Masif (Kecil Dominan),Cluster 0: Raksasa IMK (Kecil Dominan),2465008.0,0
KALIMANTAN UTARA,2023,Kalimantan,3.073798,116.041703,565595.0,211838.0,5763.0,207.0,5970.0,9748.0,1377.0,11125.0,0,0,Cluster 0: Super Masif (Kecil Dominan),Cluster 0: Raksasa IMK (Kecil Dominan),777433.0,0
KALIMANTAN TIMUR,2023,Kalimantan,1.681488,116.419389,5401971.0,1433796.0,34586.0,1055.0,35641.0,58397.0,7625.0,66022.0,0,0,Cluster 0: Super Masif (Kecil Dominan),Cluster 0: Raksasa IMK (Kecil Dominan),6835767.0,0
RIAU,2023,Sumatera,0.293491,101.706513,6861660.0,1464036.0,60273.0,2090.0,62363.0,108381.0,15415.0,123796.0,0,0,Cluster 0: Super Masif (Kecil Dominan),Cluster 0: Raksasa IMK (Kecil Dominan),8325696.0,0
ACEH,2023,Sumatera,4.695135,96.749397,7840333.0,2092181.0,106527.0,3999.0,110526.0,174854.0,24650.0,199504.0,3,1,Cluster 1: Rendah / Berkembang,Cluster 1: Produktivitas IMK Rendah,9932514.0,3
PAPUA PEGUNUNGAN,2023,Maluku & Papua,-4.5,138.5,0.0,0.0,0.0,0.0,0.0,0.0,0.0,0.0,0,0,Cluster 0: Super Masif (Kecil Dominan),Cluster 0: Raksasa IMK (Kecil Dominan),0.0,0
PAPUA BARAT DAYA,2023,Maluku & Papua,-1.8,132.0,0.0,0.0,0.0,0.0,0.0,0.0,0.0,0.0,0,0,Cluster 0: Super Masif (Kecil Dominan),Cluster 0: Raksasa IMK (Kecil Dominan),0.0,0
DKI JAKARTA,2023,Jawa,-6.211544,106.845172,15876866.0,11595842.0,69072.0,10920.0,79992.0,132836.0,93845.0,226681.0,3,1,Cluster 1: Rendah / Berkembang,Cluster 1: Produktivitas IMK Rendah,27472708.0,3
DI YOGYAKARTA,2023,Jawa,-7.873783,110.425706,7289706.0,2375660.0,129289.0,4736.0,134025.0,215124.0,35241.0,250365.0,3,1,Cluster 1: Rendah / Berkembang,Cluster 1: Produktivitas IMK Rendah,9665366.0,3
NUSA TENGGARA TIMUR,2023,Bali & Nusa Tenggara,-8.657384,121.079107,4192203.0,408084.0,124566.0,1374.0,125940.0,204304.0,7970.0,212274.0,3,1,Cluster 1: Rendah / Berkembang,Cluster 1: Produktivitas IMK Rendah,4600287.0,3
SULAWESI SELATAN,2023,Sulawesi,-3.665354,119.97248,11747217.0,3117399.0,119613.0,4313.0,123926.0,209167.0,28444.0,237611.0,3,1,Cluster 1: Rendah / Berkembang,Cluster 1: Produktivitas IMK Rendah,14864616.0,3
PAPUA SELATAN,2023,Maluku & Papua,-6.75,140.5,0.0,0.0,0.0,0.0,0.0,0.0,0.0,0.0,0,0,Cluster 0: Super Masif (Kecil Dominan),Cluster 0: Raksasa IMK (Kecil Dominan),0.0,0
PAPUA TENGAH,2023,Maluku & Papua,-4.0,136.5,0.0,0.0,0.0,0.0,0.0,0.0,0.0,0.0,0,0,Cluster 0: Super Masif (Kecil Dominan),Cluster 0: Raksasa IMK (Kecil Dominan),0.0,0
PAPUA,2023,Maluku & Papua,-4.269928,138.080353,1356713.0,534154.0,12951.0,465.0,13416.0,24976.0,3190.0,28166.0,0,0,Cluster 0: Super Masif (Kecil Dominan),Cluster 0: Raksasa IMK (Kecil Dominan),1890867.0,0
PAPUA BARAT,2023,Maluku & Papua,-1.336246,133.174595,977684.0,301088.0,5553.0,284.0,5837.0,9702.0,1943.0,11645.0,0,0,Cluster 0: Super Masif (Kecil Dominan),Cluster 0: Raksasa IMK (Kecil Dominan),1278772.0,0
BANTEN,2023,Jawa,-6.405876,106.102921,11656867.0,6435070.0,90908.0,6184.0,97092.0,160393.0,53137.0,213530.0,3,1,Cluster 1: Rendah / Berkembang,Cluster 1: Produktivitas IMK Rendah,18091937.0,3
BALI,2023,Bali & Nusa Tenggara,-8.340539,115.091949,11143778.0,4451841.0,120752.0,5035.0,125787.0,192371.0,38045.0,230416.0,3,1,Cluster 1: Rendah / Berkembang,Cluster 1: Produktivitas IMK Rendah,15595619.0,3
SULAWESI TENGAH,2023,Sulawesi,-1.430318,121.445017,4185859.0,966456.0,69057.0,7072.0,76129.0,137410.0,44840.0,182250.0,3,1,Cluster 1: Rendah / Berkembang,Cluster 1: Produktivitas IMK Rendah,5152315.0,3
KEP. BANGKA BELITUNG,2023,Sumatera,-2.741051,106.440903,1783702.0,358781.0,15776.0,486.0,16262.0,26903.0,3559.0,30462.0,0,0,Cluster 0: Super Masif (Kecil Dominan),Cluster 0: Raksasa IMK (Kecil Dominan),2142483.0,0
LAMPUNG,2023,Sumatera,-4.557573,105.406811,9870331.0,6209407.0,77575.0,3680.0,81255.0,148658.0,26515.0,175173.0,3,1,Cluster 1: Rendah / Berkembang,Cluster 1: Produktivitas IMK Rendah,16079738.0,3
KEP. RIAU,2023,Sumatera,3.945398,108.142571,2548181.0,414147.0,25873.0,394.0,26267.0,39612.0,3245.0,42857.0,0,0,Cluster 0: Super Masif (Kecil Dominan),Cluster 0: Raksasa IMK (Kecil Dominan),2962328.0,0
SUMATERA BARAT,2023,Sumatera,-0.739864,100.800018,8303610.0,4331998.0,84077.0,4144.0,88221.0,141426.0,27270.0,168696.0,3,1,Cluster 1: Rendah / Berkembang,Cluster 1: Produktivitas IMK Rendah,12635608.0,3
BENGKULU,2023,Sumatera,-3.79313,102.265808,2757286.0,657615.0,25595.0,936.0,26531.0,49210.0,7558.0,56768.0,0,0,Cluster 0: Super Masif (Kecil Dominan),Cluster 0: Raksasa IMK (Kecil Dominan),3414901.0,0
JAWA TIMUR,2023,Jawa,-7.536068,112.238425,72991193.0,33061045.0,862057.0,115414.0,977471.0,1544605.0,954320.0,2498925.0,2,3,Cluster 3: Sangat Tinggi (Mikro Dominan),Cluster 3: Raksasa IMK (Mikro Dominan),106052238.0,1
KALIMANTAN BARAT,2023,Kalimantan,-0.138716,109.332657,3578667.0,819478.0,47435.0,1021.0,48456.0,75919.0,7750.0,83669.0,0,0,Cluster 0: Super Masif (Kecil Dominan),Cluster 0: Raksasa IMK (Kecil Dominan),4398145.0,0
DKI JAKARTA,2024,Jawa,-6.211544,106.845172,28320243.0,11110374.0,59908.0,11142.0,71050.0,122857.0,99412.0,222269.0,3,1,Cluster 1: Rendah / Berkembang,Cluster 1: Produktivitas IMK Rendah,39430617.0,2
DI YOGYAKARTA,2024,Jawa,-7.873783,110.425706,9457669.0,3498244.0,119560.0,5555.0,125115.0,187712.0,49960.0,237672.0,3,1,Cluster 1: Rendah / Berkembang,Cluster 1: Produktivitas IMK Rendah,12955913.0,2
PAPUA PEGUNUNGAN,2024,Maluku & Papua,-4.5,138.5,58163.0,38412.0,552.0,35.0,587.0,1046.0,242.0,1288.0,0,0,Cluster 0: Super Masif (Kecil Dominan),Cluster 0: Raksasa IMK (Kecil Dominan),96575.0,0
PAPUA BARAT DAYA,2024,Maluku & Papua,-1.8,132.0,413629.0,24006.0,2822.0,39.0,2861.0,5328.0,248.0,5576.0,0,0,Cluster 0: Super Masif (Kecil Dominan),Cluster 0: Raksasa IMK (Kecil Dominan),437635.0,0
ACEH,2024,Sumatera,4.695135,96.749397,8099679.0,2233213.0,106147.0,2360.0,108507.0,188587.0,19481.0,208068.0,3,1,Cluster 1: Rendah / Berkembang,Cluster 1: Produktivitas IMK Rendah,10332892.0,2
RIAU,2024,Sumatera,0.293491,101.706513,6244649.0,1079723.0,52839.0,1586.0,54425.0,106196.0,10881.0,117077.0,0,0,Cluster 0: Super Masif (Kecil Dominan),Cluster 0: Raksasa IMK (Kecil Dominan),7324372.0,0
NUSA TENGGARA BARAT,2024,Bali & Nusa Tenggara,-8.652406,117.361649,6290400.0,6166651.0,103807.0,14854.0,118661.0,172700.0,157668.0,330368.0,3,1,Cluster 1: Rendah / Berkembang,Cluster 1: Produktivitas IMK Rendah,12457051.0,2
SULAWESI BARAT,2024,Sulawesi,-2.840676,119.23247,1140198.0,530744.0,24363.0,375.0,24738.0,39371.0,2733.0,42104.0,0,0,Cluster 0: Super Masif (Kecil Dominan),Cluster 0: Raksasa IMK (Kecil Dominan),1670942.0,0
MALUKU,2024,Maluku & Papua,-3.238929,130.145295,1837102.0,89491.0,41326.0,2169.0,43495.0,88089.0,13293.0,101382.0,0,0,Cluster 0: Super Masif (Kecil Dominan),Cluster 0: Raksasa IMK (Kecil Dominan),1926593.0,0
MALUKU UTARA,2024,Maluku & Papua,1.570696,127.808189,1150899.0,255361.0,13380.0,2407.0,15787.0,25087.0,20539.0,45626.0,0,0,Cluster 0: Super Masif (Kecil Dominan),Cluster 0: Raksasa IMK (Kecil Dominan),1406260.0,0
JAWA TENGAH,2024,Jawa,-7.150975,110.140259,67677096.0,38741377.0,834615.0,52944.0,887559.0,1442945.0,440911.0,1883856.0,1,2,Cluster 2: Sedang / Potensial,Cluster 2: Produktivitas IMK Sedang,106418473.0,1
JAWA TIMUR,2024,Jawa,-7.536068,112.238425,68036231.0,38799692.0,824473.0,101512.0,925985.0,1587860.0,1055676.0,2643536.0,2,3,Cluster 3: Sangat Tinggi (Mikro Dominan),Cluster 3: Raksasa IMK (Mikro Dominan),106835923.0,1
KALIMANTAN BARAT,2024,Kalimantan,-0.138716,109.332657,4102905.0,548517.0,46213.0,596.0,46809.0,88756.0,4695.0,93451.0,0,0,Cluster 0: Super Masif (Kecil Dominan),Cluster 0: Raksasa IMK (Kecil Dominan),4651422.0,0
SULAWESI TENGGARA,2024,Sulawesi,-4.14576,122.174605,9604754.0,4876046.0,48432.0,1065.0,49497.0,103945.0,8265.0,112210.0,3,1,Cluster 1: Rendah / Berkembang,Cluster 1: Produktivitas IMK Rendah,14480800.0,2
JAMBI,2024,Sumatera,-1.612129,103.611496,2926260.0,1281228.0,29576.0,1692.0,31268.0,56884.0,12895.0,69779.0,0,0,Cluster 0: Super Masif (Kecil Dominan),Cluster 0: Raksasa IMK (Kecil Dominan),4207488.0,0
GORONTALO,2024,Sulawesi,0.699526,122.446341,1519983.0,350681.0,29423.0,1482.0,30905.0,57347.0,10910.0,68257.0,0,0,Cluster 0: Super Masif (Kecil Dominan),Cluster 0: Raksasa IMK (Kecil Dominan),1870664.0,0
SUMATERA SELATAN,2024,Sumatera,-3.319009,103.914399,8719188.0,5975575.0,73955.0,3723.0,77678.0,142982.0,29512.0,172494.0,3,1,Cluster 1: Rendah / Berkembang,Cluster 1: Produktivitas IMK Rendah,14694763.0,2
SUMATERA UTARA,2024,Sumatera,2.11583,99.538753,13968241.0,3978055.0,116906.0,7005.0,123911.0,219763.0,52489.0,272252.0,3,1,Cluster 1: Rendah / Berkembang,Cluster 1: Produktivitas IMK Rendah,17946296.0,2
KEP. RIAU,2024,Sumatera,3.945398,108.142571,3197285.0,137458.0,20113.0,331.0,20444.0,41039.0,1767.0,42806.0,0,0,Cluster 0: Super Masif (Kecil Dominan),Cluster 0: Raksasa IMK (Kecil Dominan),3334743.0,0
LAMPUNG,2024,Sumatera,-4.557573,105.406811,9115032.0,3334370.0,83989.0,4080.0,88069.0,176014.0,31906.0,207920.0,3,1,Cluster 1: Rendah / Berkembang,Cluster 1: Produktivitas IMK Rendah,12449402.0,2
PAPUA,2024,Maluku & Papua,-4.269928,138.080353,681078.0,64504.0,7370.0,129.0,7499.0,15298.0,734.0,16032.0,0,0,Cluster 0: Super Masif (Kecil Dominan),Cluster 0: Raksasa IMK (Kecil Dominan),745582.0,0
PAPUA BARAT,2024,Maluku & Papua,-1.336246,133.174595,318686.0,38453.0,1827.0,31.0,1858.0,3077.0,220.0,3297.0,0,0,Cluster 0: Super Masif (Kecil Dominan),Cluster 0: Raksasa IMK (Kecil Dominan),357139.0,0
BALI,2024,Bali & Nusa Tenggara,-8.340539,115.091949,11631878.0,3187724.0,143770.0,3273.0,147043.0,264529.0,24343.0,288872.0,3,1,Cluster 1: Rendah / Berkembang,Cluster 1: Produktivitas IMK Rendah,14819602.0,2
BANTEN,2024,Jawa,-6.405876,106.102921,15465209.0,5373709.0,93834.0,5892.0,99726.0,201819.0,48341.0,250160.0,3,1,Cluster 1: Rendah / Berkembang,Cluster 1: Produktivitas IMK Rendah,20838918.0,2
PAPUA TENGAH,2024,Maluku & Papua,-4.0,136.5,392065.0,104099.0,3732.0,96.0,3828.0,7505.0,586.0,8091.0,0,0,Cluster 0: Super Masif (Kecil Dominan),Cluster 0: Raksasa IMK (Kecil Dominan),496164.0,0
PAPUA SELATAN,2024,Maluku & Papua,-6.75,140.5,684142.0,5989.0,4911.0,20.0,4931.0,10041.0,152.0,10193.0,0,0,Cluster 0: Super Masif (Kecil Dominan),Cluster 0: Raksasa IMK (Kecil Dominan),690131.0,0
SUMATERA BARAT,2024,Sumatera,-0.739864,100.800018,8921386.0,1929762.0,85194.0,2859.0,88053.0,146566.0,20707.0,167273.0,3,1,Cluster 1: Rendah / Berkembang,Cluster 1: Produktivitas IMK Rendah,10851148.0,2
BENGKULU,2024,Sumatera,-3.79313,102.265808,2173726.0,418739.0,20744.0,911.0,21655.0,42659.0,6683.0,49342.0,0,0,Cluster 0: Super Masif (Kecil Dominan),Cluster 0: Raksasa IMK (Kecil Dominan),2592465.0,0
KALIMANTAN SELATAN,2024,Kalimantan,-3.093082,115.283366,5114359.0,3363020.0,58754.0,2195.0,60949.0,100268.0,15678.0,115946.0,0,0,Cluster 0: Super Masif (Kecil Dominan),Cluster 0: Raksasa IMK (Kecil Dominan),8477379.0,0
KALIMANTAN TENGAH,2024,Kalimantan,-1.681488,113.382355,2057489.0,443919.0,29032.0,628.0,29660.0,47153.0,4434.0,51587.0,0,0,Cluster 0: Super Masif (Kecil Dominan),Cluster 0: Raksasa IMK (Kecil Dominan),2501408.0,0
KALIMANTAN UTARA,2024,Kalimantan,3.073798,116.041703,618865.0,176376.0,5783.0,170.0,5953.0,10659.0,1092.0,11751.0,0,0,Cluster 0: Super Masif (Kecil Dominan),Cluster 0: Raksasa IMK (Kecil Dominan),795241.0,0
KALIMANTAN TIMUR,2024,Kalimantan,1.681488,116.419389,4676297.0,3411688.0,31440.0,2111.0,33551.0,57777.0,14616.0,72393.0,0,0,Cluster 0: Super Masif (Kecil Dominan),Cluster 0: Raksasa IMK (Kecil Dominan),8087985.0,0
SULAWESI UTARA,2024,Sulawesi,0.627019,123.975107,3426484.0,588974.0,47990.0,911.0,48901.0,90740.0,6111.0,96851.0,0,0,Cluster 0: Super Masif (Kecil Dominan),Cluster 0: Raksasa IMK (Kecil Dominan),4015458.0,0
JAWA BARAT,2024,Jawa,-7.090911,107.668887,69493963.0,70425499.0,583357.0,56959.0,640316.0,1241419.0,472972.0,1714391.0,1,2,Cluster 2: Sedang / Potensial,Cluster 2: Produktivitas IMK Sedang,139919462.0,3
NUSA TENGGARA TIMUR,2024,Bali & Nusa Tenggara,-8.657384,121.079107,5082098.0,364098.0,144145.0,1148.0,145293.0,212327.0,7626.0,219953.0,3,1,Cluster 1: Rendah / Berkembang,Cluster 1: Produktivitas IMK Rendah,5446196.0,2
SULAWESI SELATAN,2024,Sulawesi,-3.665354,119.97248,9291218.0,5911815.0,122892.0,3911.0,126803.0,212315.0,29456.0,241771.0,3,1,Cluster 1: Rendah / Berkembang,Cluster 1: Produktivitas IMK Rendah,15203033.0,2
SULAWESI TENGAH,2024,Sulawesi,-1.430318,121.445017,6453429.0,2584207.0,73087.0,9267.0,82354.0,179966.0,63501.0,243467.0,3,1,Cluster 1: Rendah / Berkembang,Cluster 1: Produktivitas IMK Rendah,9037636.0,2
KEP. BANGKA BELITUNG,2024,Sumatera,-2.741051,106.440903,1905496.0,461958.0,17138.0,583.0,17721.0,27487.0,4424.0,31911.0,0,0,Cluster 0: Super Masif (Kecil Dominan),Cluster 0: Raksasa IMK (Kecil Dominan),2367454.0,0
